INSERT INTO LUM_MD_ASSET_TYPE_LU (ID, VALUE, DESCRIPTION) values
('Advertising','Advertising',''),
('Approval Document','Approval Document',''),
('Bar codes','Bar codes',''),
('Catalog','Catalog',''),
('Certificate','Certificate',''),
('Comparison Picture','Comparison Picture',''),
('CPIS','CPIS',''),
('Display','Display',''),
('Drawing','Drawing',''),
('Flat Artwork','Flat Artwork',''),
('Glossary Feature','Glossary Feature',''),
('Graphic','Graphic',''),
('Icon','Icon',''),
('Leaflet','Leaflet',''),
('Lifestyle Picture','Lifestyle Picture',''),
('Lifestyle Video','Lifestyle Video',''),
('Logo','Logo',''),
('Packaging Picture','Packaging Picture',''),
('PCN','PCN',''),
('PIS','PIS',''),
('POS','POS',''),
('PPAP','PPAP',''),
('Press Release/Whitepaper/Ministorie','Press Release/Whitepaper/Ministorie',''),
('Product Feature Video','Product Feature Video',''),
('Product in Use','Product in Use',''),
('Product Picture','Product Picture',''),
('PRS','PRS',''),
('Social Media','Social Media',''),
('Test Result','Test Result',''),
('Tutorial Video','Tutorial Video',''),
('Web Banner','Web Banner','');

/*
 BRAND 
*/
INSERT INTO LUM_MD_BRAND_LU (ID, VALUE, DESCRIPTION) values
('Haloway','Haloway',''),
('Lumileds','Lumileds',''),
('MIRADIOR','MIRADIOR',''),
('NARVA','NARVA',''),
('OES','OES',''),
('Philips','Philips',''),
('Independent','Independent','');

/*
Languages
*/
INSERT INTO LUM_MD_LANGUAGES_LU (ID, VALUE, DESCRIPTION) values
('ara','Arabic',''),
('bas','Basa',''),
('bul','Bulgarian',''),
('chi','Chinese',''),
('cze','Czech',''),
('dan','Danish',''),
('en','English',''),
('en_us','English (United States)',''),
('es_ar','Spanish (Argentina)',''),
('es_mx','Spanish (Mexico)',''),
('fin','Finnish',''),
('fr_ca','Canadian (French)',''),
('fre','French',''),
('ger','German',''),
('hun','Hungarian',''),
('ita','Italian',''),
('jpn','Japanese',''),
('kor','Korean',''),
('nld','Dutch',''),
('nor','Norwegian',''),
('pol','Polish',''),
('por','Portuguese',''),
('pt_br','Portuguese (Brazil)',''),
('ron','Romanian',''),
('rus','Russian',''),
('spa','Spanish',''),
('swe','Swedish',''),
('tha','Thai',''),
('tur','Turkish',''),
('vie','Vietnamese',''),
('zh_tw','Chinese (Traditional)',''),
('zho','Chinese (Simplified)','');

/**
*
  Region
*
**/

INSERT INTO LUM_MD_REGIONS_LU (ID, VALUE, DESCRIPTION) values
('EMEA','EMEA',''),
('APAC','APAC',''),
('Greater China','Greater China',''),
('LATAM','LATAM',''),
('NAFTA','NAFTA',''),
('Independent','Independent','');
/*
 Creator Owner Group
*/
INSERT INTO LUM_MD_CREATOR_OWNER_LU1 (ID, VALUE, DESCRIPTION) values
('Agency','Agency',''),
('Business Unit','Business Unit',''),
('Regional','Regional','');

INSERT INTO LUM_MD_CREATOR_OWNER_LU2 (ID, VALUE, DESCRIPTION) values
('SGS','SGS',''),
('Red Pimiento','Red Pimiento',''),
('Global Marcom','Global Marcom',''),
('Packaging Designer','Packaging Designer',''),
('Product Documentation Conventional','Product Documentation Conventional',''),
('Product Documentation LED','Product Documentation LED',''),
('Quality Assurance Conventional','Quality Assurance Conventional',''),
('Quality Assurance LED','Quality Assurance LED',''),
('R&D Conventional','R&D Conventional',''),
('R&D LED','R&D LED',''),
('Supply Quality Conventional','Supply Quality Conventional',''),
('Supply Quality LED','Supply Quality LED',''),
('APAC Marcom','APAC Marcom',''),
('EMEA Creative Designer','EMEA Creative Designer',''),
('EMEA Marcom','EMEA Marcom',''),
('EMEA Trade Marketing','EMEA Trade Marketing',''),
('Greater China Marcom','Greater China Marcom',''),
('LATAM Marcom','LATAM Marcom',''),
('NAFTA Marcom','NAFTA Marcom','');

--CASCADING ENTRIES

INSERT INTO CASCADING_TABLE_INCLUSIONS values ('LUM_MD_CREATOR_OWNER_CAS_MAP');

INSERT INTO CASCADING_TABLE_ELEMENTS values
('LUM_MD_CREATOR_OWNER_CAS_MAP','CREATOR_OWNER_LEVEL1','LUM.DOMAIN.CREATOR_OWNER_LU1','LEVEL ONE','1.00'),
('LUM_MD_CREATOR_OWNER_CAS_MAP','CREATOR_OWNER_LEVEL2','LUM.DOMAIN.CREATOR_OWNER_LU2','LEVEL TWO','2.00');

INSERT INTO LUM_MD_CREATOR_OWNER_CAS_MAP values
('Agency^Red Pimiento','Agency','Red Pimiento'),
('Agency^SGS','Agency','SGS'),
('Business Unit^Global Marcom','Business Unit','Global Marcom'),
('Business Unit^Packaging Designer','Business Unit','Packaging Designer'),
('Business Unit^Product Documentation Conventional','Business Unit','Product Documentation Conventional'),
('Business Unit^Product Documentation LED','Business Unit','Product Documentation LED'),
('Business Unit^Quality Assurance Conventional','Business Unit','Quality Assurance Conventional'),
('Business Unit^Quality Assurance LED','Business Unit','Quality Assurance LED'),
('Business Unit^R&D Conventional','Business Unit','R&D Conventional'),
('Business Unit^R&D LED','Business Unit','R&D LED'),
('Business Unit^Supply Quality Conventional','Business Unit','Supply Quality Conventional'),
('Business Unit^Supply Quality LED','Business Unit','Supply Quality LED'),
('Regional^APAC Marcom','Regional','APAC Marcom'),
('Regional^EMEA Creative Designer','Regional','EMEA Creative Designer'),
('Regional^EMEA Marcom','Regional','EMEA Marcom'),
('Regional^EMEA Trade Marketing','Regional','EMEA Trade Marketing'),
('Regional^Greater China Marcom','Regional','Greater China Marcom'),
('Regional^LATAM Marcom','Regional','LATAM Marcom'),
('Regional^NAFTA Marcom','Regional','NAFTA Marcom');

/*
ASSET OWNER
*/

insert into lum_md_asset_owner_lu1 values
('Global - MarCom','Global - MarCom',''),
('Global - Packaging designer','Global - Packaging designer',''),
('Local - Trade marketer DACH','Local - Trade marketer DACH',''),
('Local - Trade marketer Easter Europe','Local - Trade marketer Easter Europe',''),
('Local - Trade marketer France Export','Local - Trade marketer France Export',''),
('Local - Trade marketer IT-GR','Local - Trade marketer IT-GR',''),
('Local - Trade marketer Iberia','Local - Trade marketer Iberia',''),
('Local - Trade marketer Nordics','Local - Trade marketer Nordics',''),
('Local - Trade marketer Russia','Local - Trade marketer Russia',''),
('PMM','PMM',''),
('Regional - APAC Marcom','Regional - APAC Marcom',''),
('Regional - EMEA Creative Designer','Regional - EMEA Creative Designer',''),
('Regional - EMEA Digital','Regional - EMEA Digital',''),
('Regional - EMEA Marcom','Regional - EMEA Marcom',''),
('Regional - EMEA Trade Marketing','Regional - EMEA Trade Marketing',''),
('Regional - Greater China Marcom','Regional - Greater China Marcom',''),
('Regional - LATAM Marcom','Regional - LATAM Marcom',''),
('Regional - NAFTA Marcom','Regional - NAFTA Marcom','');

insert into lum_md_asset_owner_lu2 values
('Aachen','Aachen',''),
('Anastasia.Sharapova@lumileds.com','Anastasia.Sharapova@lumileds.com',''),
('Angela.Joerres@lumileds.com','Angela.Joerres@lumileds.com',''),
('Chartres','Chartres',''),
('Jack.Qian_1@lumileds.com','Jack.Qian_1@lumileds.com',''),
('Nisha.Shakila@lumileds.com','Nisha.Shakila@lumileds.com',''),
('Shanghai','Shanghai',''),
('Sophie.PRUVOST@lumileds.com','Sophie.PRUVOST@lumileds.com',''),
('Suresnes','Suresnes',''),
('alexander.dijk@lumileds.com','alexander.dijk@lumileds.com',''),
('ana.belen.martin.ruiz@lumileds.com','ana.belen.martin.ruiz@lumileds.com',''),
('andrea.cava@lumileds.com','andrea.cava@lumileds.com',''),
('andy.guo@lumileds.com','andy.guo@lumileds.com',''),
('arnaud.goavec@lumileds.com','arnaud.goavec@lumileds.com',''),
('barry.zhong@lumileds.com','barry.zhong@lumileds.com',''),
('bernard.pelletier@lumileds.com','bernard.pelletier@lumileds.com',''),
('caston.van.zwam@lumileds.com','caston.van.zwam@lumileds.com',''),
('daniel.raimundo@Lumileds.com','daniel.raimundo@Lumileds.com',''),
('dawn.gonzalez@lumileds.com','dawn.gonzalez@lumileds.com',''),
('fangzhong.shen@lumileds.com','fangzhong.shen@lumileds.com',''),
('francesco.marrone@lumileds.com','francesco.marrone@lumileds.com',''),
('hans-alo.dohmen@lumileds.com','hans-alo.dohmen@lumileds.com',''),
('helga.nowaczinski@lumileds.com','helga.nowaczinski@lumileds.com',''),
('kevin.fischbach@lumileds.com','kevin.fischbach@lumileds.com',''),
('marine.carruelle@lumileds.com','marine.carruelle@lumileds.com',''),
('marylise.mussier@lumileds.com','marylise.mussier@lumileds.com',''),
('miqdad.ali.khan@lumileds.com','miqdad.ali.khan@lumileds.com',''),
('roman.derneden@lumileds.com','roman.derneden@lumileds.com',''),
('rozenn.ledreau@lumileds.com','rozenn.ledreau@lumileds.com',''),
('susanna.lo.tam@lumileds.com','susanna.lo.tam@lumileds.com',''),
('thorsten.brodda@lumileds.com','thorsten.brodda@lumileds.com',''),
('wioletta.pasionek@lumileds.com','wioletta.pasionek@lumileds.com',''),
('wolfgang.schiene@lumileds.com','wolfgang.schiene@lumileds.com','');

INSERT INTO CASCADING_TABLE_INCLUSIONS values ('LUM_MD_ASSET_OWNER_CAS_MAP');

INSERT INTO CASCADING_TABLE_ELEMENTS values
('LUM_MD_ASSET_OWNER_CAS_MAP','ASSET_OWNER_LEVEL1','LUM.DOMAIN.ASSET_OWNER_LU1','OWNER ROLE','1.00'),
('LUM_MD_ASSET_OWNER_CAS_MAP','ASSET_OWNER_LEVEL2','LUM.DOMAIN.ASSET_OWNER_LU2','OWNER NAME','2.00');

INSERT INTO LUM_MD_ASSET_OWNER_CAS_MAP values
('Global - MarCom^Sophie.PRUVOST@lumileds.com','Global - MarCom','Sophie.PRUVOST@lumileds.com'),
('Global - Packaging designer^arnaud.goavec@lumileds.com','Global - Packaging designer','arnaud.goavec@lumileds.com'),
('Local - Trade marketer DACH^thorsten.brodda@lumileds.com','Local - Trade marketer DACH','thorsten.brodda@lumileds.com'),
('Local - Trade marketer Easter Europe^wioletta.pasionek@lumileds.com','Local - Trade marketer Easter Europe','wioletta.pasionek@lumileds.com'),
('Local - Trade marketer France Export^marylise.mussier@lumileds.com','Local - Trade marketer France Export','marylise.mussier@lumileds.com'),
('Local - Trade marketer Iberia^ana.belen.martin.ruiz@lumileds.com','Local - Trade marketer Iberia','ana.belen.martin.ruiz@lumileds.com'),
('Local - Trade marketer Iberia^andrea.cava@lumileds.com','Local - Trade marketer Iberia','andrea.cava@lumileds.com'),
('Local - Trade marketer IT-GR^francesco.marrone@lumileds.com','Local - Trade marketer IT-GR','francesco.marrone@lumileds.com'),
('Local - Trade marketer Nordics^caston.van.zwam@lumileds.com','Local - Trade marketer Nordics','caston.van.zwam@lumileds.com'),
('Local - Trade marketer Russia^Anastasia.Sharapova@lumileds.com','Local - Trade marketer Russia','Anastasia.Sharapova@lumileds.com'),
('Regional - APAC Marcom^susanna.lo.tam@lumileds.com','Regional - APAC Marcom','susanna.lo.tam@lumileds.com'),
('Regional - EMEA Creative Designer^helga.nowaczinski@lumileds.com','Regional - EMEA Creative Designer','helga.nowaczinski@lumileds.com'),
('Regional - EMEA Digital^Nisha.Shakila@lumileds.com','Regional - EMEA Digital','Nisha.Shakila@lumileds.com'),
('Regional - EMEA Marcom^marine.carruelle@lumileds.com','Regional - EMEA Marcom','marine.carruelle@lumileds.com'),
('Regional - EMEA Trade Marketing^Suresnes','Regional - EMEA Trade Marketing','Suresnes'),
('Regional - Greater China Marcom^susanna.lo.tam@lumileds.com','Regional - Greater China Marcom','susanna.lo.tam@lumileds.com'),
('Regional - LATAM Marcom^daniel.raimundo@Lumileds.com','Regional - LATAM Marcom','daniel.raimundo@Lumileds.com'),
('Regional - NAFTA Marcom^dawn.gonzalez@lumileds.com','Regional - NAFTA Marcom','dawn.gonzalez@lumileds.com'),
('PMM^Aachen','PMM','Aachen'),
('PMM^Chartres','PMM','Chartres'),
('PMM^Shanghai','PMM','Shanghai'),
('PMM^alexander.dijk@lumileds.com','PMM','alexander.dijk@lumileds.com'),
('PMM^andy.guo@lumileds.com','PMM','andy.guo@lumileds.com'),
('PMM^Angela.Joerres@lumileds.com','PMM','Angela.Joerres@lumileds.com'),
('PMM^barry.zhong@lumileds.com','PMM','barry.zhong@lumileds.com'),
('PMM^bernard.pelletier@lumileds.com','PMM','bernard.pelletier@lumileds.com'),
('PMM^fangzhong.shen@lumileds.com','PMM','fangzhong.shen@lumileds.com'),
('PMM^hans-alo.dohmen@lumileds.com','PMM','hans-alo.dohmen@lumileds.com'),
('PMM^Jack.Qian_1@lumileds.com','PMM','Jack.Qian_1@lumileds.com'),
('PMM^kevin.fischbach@lumileds.com','PMM','kevin.fischbach@lumileds.com'),
('PMM^miqdad.ali.khan@lumileds.com','PMM','miqdad.ali.khan@lumileds.com'),
('PMM^roman.derneden@lumileds.com','PMM','roman.derneden@lumileds.com'),
('PMM^rozenn.ledreau@lumileds.com','PMM','rozenn.ledreau@lumileds.com'),
('PMM^wolfgang.schiene@lumileds.com','PMM','wolfgang.schiene@lumileds.com');
/*
First point of contact
*/

insert into lum_md_first_poc_lu values 
('Alexandra.Ganser@lumileds.com','Alexandra.Ganser@lumileds.com',''),
('Anastasia.Sharapova@lumileds.com','Anastasia.Sharapova@lumileds.com',''),
('Angela.Joerres@lumileds.com','Angela.Joerres@lumileds.com',''),
('Christopher.Kurz@lumileds.com','Christopher.Kurz@lumileds.com',''),
('Giulia.Ewald@lumileds.com','Giulia.Ewald@lumileds.com',''),
('Grit.Piepers@lumileds.com','Grit.Piepers@lumileds.com',''),
('Lisa.Saloewski@lumileds.com','Lisa.Saloewski@lumileds.com',''),
('Nadine.Rothhanns@lumileds.com','Nadine.Rothhanns@lumileds.com',''),
('Nisha.Shakila@lumileds.com','Nisha.Shakila@lumileds.com',''),
('Rasmus.Klinge@lumileds.com','Rasmus.Klinge@lumileds.com',''),
('Sophie.PRUVOST@lumileds.com','Sophie.PRUVOST@lumileds.com',''),
('ana.belen.martin.ruiz@lumileds.com','ana.belen.martin.ruiz@lumileds.com',''),
('andrea.cava@lumileds.com','andrea.cava@lumileds.com',''),
('arnaud.goavec@lumileds.com','arnaud.goavec@lumileds.com',''),
('caston.van.zwam@lumileds.com','caston.van.zwam@lumileds.com',''),
('daniel.raimundo@Lumileds.com','daniel.raimundo@Lumileds.com',''),
('dawn.gonzalez@lumileds.com','dawn.gonzalez@lumileds.com',''),
('francesco.marrone@lumileds.com','francesco.marrone@lumileds.com',''),
('helga.nowaczinski@lumileds.com','helga.nowaczinski@lumileds.com',''),
('marine.carruelle@lumileds.com','marine.carruelle@lumileds.com',''),
('marylise.mussier@lumileds.com','marylise.mussier@lumileds.com',''),
('susanna.lo.tam@lumileds.com','susanna.lo.tam@lumileds.com',''),
('thorsten.brodda@lumileds.com','thorsten.brodda@lumileds.com',''),
('wioletta.pasionek@lumileds.com','wioletta.pasionek@lumileds.com','');



/*
 Factory
*/
INSERT INTO LUM_MD_FACTORY_LU (ID, VALUE, DESCRIPTION) values
('Aachen','Aachen',''),
('Chartres','Chartres',''),
('Pabianice','Pabianice',''),
('Songzi','Songzi',''),
('Malu','Malu',''),
('Middelburg','Middelburg',''),
('Jiaxing','Jiaxing',''),
('San Jose','San Jose',''),
('Singapore','Singapore',''),
('Penang','Penang',''),
('OM','OM',''),
('Plauen','Plauen','');

/*
Manufacturer
*/
INSERT INTO LUM_MD_MANUFACTURER_LU (ID, VALUE, DESCRIPTION) values
('Jungwoo Lighting Co., Ltd.','Jungwoo Lighting Co., Ltd.',''),
('SHINING BLICK ENTERPRISES CO., LTD.','SHINING BLICK ENTERPRISES CO., LTD.',''),
('Changshu Linzhi Electric Technique','Changshu Linzhi Electric Technique',''),
('VOSLA GmbH','VOSLA GmbH',''),
('DH LIGHTING CO., LTD.','DH LIGHTING CO., LTD.',''),
('CEC Industries Ltd.','CEC Industries Ltd.',''),
('Mycarr Lighting Technology Co Ltd','Mycarr Lighting Technology Co Ltd',''),
('Autolite (India) Limited','Autolite (India) Limited',''),
('HESHAN GMY LIGHTING  AND ELECTRICAL','HESHAN GMY LIGHTING  AND ELECTRICAL',''),
('SHANTOU JINMAO LIGHTING','SHANTOU JINMAO LIGHTING',''),
('OIGAWA ELECTRIC Co., Ltd.','OIGAWA ELECTRIC Co., Ltd.',''),
('Hana Semiconductor International','Hana Semiconductor International',''),
('Chromos Lighting','Chromos Lighting',''),
('GENERAL ELECTRIC LIGHTING','GENERAL ELECTRIC LIGHTING',''),
('CANDLEPOWER, INC.','CANDLEPOWER, INC.',''),
('Lumileds','Lumileds',''),
('OSRAM GMBH','OSRAM GMBH',''),
('KOITO MANUFACTURING Co. Ltd','KOITO MANUFACTURING Co. Ltd','');

/*
WCMS Confidentiality
*/

INSERT INTO LUM_MD_WCMS_CNFDLTY_LU (ID, VALUE, DESCRIPTION) values
('Public','Public',''),
('Private','Private',''),
('Not Publishing','Not Publishing','');




/*
 Industrial Standard
*/

INSERT INTO LUM_MD_INDUSTRIAL_STANDARD_LU (ID, VALUE, DESCRIPTION) values
('DIN','DIN',''),
('IATF','IATF',''),
('ISO','ISO',''),
('VDA','VDA','');

/*
Product Grouping
*/
INSERT INTO LUM_MD_PRODUCT_GROUPING_LU (ID, VALUE, DESCRIPTION) values
('Advanced Air Purifiers','Advanced Air Purifiers',''),
('AM Mix lamp packaging','AM Mix lamp packaging',''),
('Automotive Driving Recorder','Automotive Driving Recorder',''),
('Burner','Burner',''),
('Halogen 1 flt','Halogen 1 flt',''),
('Halogen 2 flt','Halogen 2 flt',''),
('HiPerVision','HiPerVision',''),
('LED','LED',''),
('LED Accessories','LED Accessories',''),
('LED Bike Systems','LED Bike Systems',''),
('LED Daylights','LED Daylights',''),
('LED Headligthing Double function','LED Headligthing Double function',''),
('LED Headligthing Single function','LED Headligthing Single function',''),
('LED Mobility systems','LED Mobility systems',''),
('LED retrofit','LED retrofit',''),
('LED Signaling','LED Signaling',''),
('LED Systems','LED Systems',''),
('LED Worklamps','LED Worklamps',''),
('Mobility (NBC & CL Products)','Mobility (NBC & CL Products)',''),
('Other Mobility systems','Other Mobility systems',''),
('Seald Beam','Seald Beam',''),
('Signaling','Signaling',''),
('Stanardized LED bulbs','Stanardized LED bulbs',''),
('TPMS Dashboard','TPMS Dashboard',''),
('Xenon','Xenon','');

/*
Type Test
*/

INSERT INTO LUM_MD_TYPE_TEST_LU (ID, VALUE, DESCRIPTION) values
('Inrush current','Inrush current',''),
('Shock','Shock',''),
('Temperature','Temperature',''),
('Test Result','Test Result',''),
('Vibration','Vibration','');

/*
PPAP LEVEL
*/
INSERT INTO LUM_MD_PPAP_LEVEL_LU (ID, VALUE, DESCRIPTION) values
('1','1',''),
('2','2',''),
('3','3',''),
('4','4',''),
('5','5','');

/*
 Packaging Cluster - CASCADING
 */
INSERT INTO LUM_MD_PKG_CLUSTER_LU1 (ID, VALUE, DESCRIPTION) values
('Accessories','Accessories',''),
('Lamps','Lamps','');

INSERT INTO LUM_MD_PKG_CLUSTER_LU2 (ID, VALUE, DESCRIPTION) values
('APR','APR',''),
('CHINA','CHINA',''),
('EMEA All countries','EMEA All countries',''),
('EMEA no RU','EMEA no RU',''),
('EMEA/LATAM','EMEA/LATAM',''),
('EMEA/LATAM no INMETRO','EMEA/LATAM no INMETRO',''),
('EMEA/LATAM no INMETRO no RU','EMEA/LATAM no INMETRO no RU',''),
('EMEA/LATAM no RU','EMEA/LATAM no RU',''),
('EMEA/LATAM/NAFTA','EMEA/LATAM/NAFTA',''),
('EMEA/LATAM/NAFTA/APR','EMEA/LATAM/NAFTA/APR',''),
('EMEA/LATAM/NAFTA/APR no INMETRO','EMEA/LATAM/NAFTA/APR no INMETRO',''),
('EMEA/RUSSIA','EMEA/RUSSIA',''),
('INDIA','INDIA',''),
('JAPAN','JAPAN',''),
('LATAM','LATAM',''),
('LATAM no INMETRO','LATAM no INMETRO',''),
('NAFTA','NAFTA',''),
('RUSSIA','RUSSIA',''),
('USA','USA','');

--CASCADING ENTRIES

INSERT INTO CASCADING_TABLE_INCLUSIONS values ('LUM_MD_PACKAGE_OWNER_CAS_MAP');

INSERT INTO CASCADING_TABLE_ELEMENTS values
('LUM_MD_PKG_CLUSTER_CAS_MAP','PKG_CLUSTER_LEVEL1','LUM.DOMAIN.PKG_CLUSTER_LU1','LEVEL ONE','1.00'),
('LUM_MD_PKG_CLUSTER_CAS_MAP','PKG_CLUSTER_LEVEL2','LUM.DOMAIN.PKG_CLUSTER_LU2','LEVEL TWO','2.00');

INSERT INTO LUM_MD_PKG_CLUSTER_CAS_MAP values
('Accessories^APR','Accessories','APR'),
('Lamps^CHINA','Lamps','CHINA'),
('Lamps^EMEA All countries','Lamps','EMEA All countries'),
('Lamps^EMEA no RU','Lamps','EMEA no RU'),
('Lamps^EMEA/LATAM','Lamps','EMEA/LATAM'),
('Lamps^EMEA/LATAM no INMETRO','Lamps','EMEA/LATAM no INMETRO'),
('Lamps^EMEA/LATAM no INMETRO no RU','Lamps','EMEA/LATAM no INMETRO no RU'),
('Lamps^EMEA/LATAM no RU','Lamps','EMEA/LATAM no RU'),
('Lamps^EMEA/LATAM/NAFTA','Lamps','EMEA/LATAM/NAFTA'),
('Lamps^EMEA/LATAM/NAFTA/APR','Lamps','EMEA/LATAM/NAFTA/APR'),
('Lamps^EMEA/LATAM/NAFTA/APR no INMETRO','Lamps','EMEA/LATAM/NAFTA/APR no INMETRO'),
('Lamps^EMEA/RUSSIA','Lamps','EMEA/RUSSIA'),
('Lamps^INDIA','Lamps','INDIA'),
('Lamps^JAPAN','Lamps','JAPAN'),
('Lamps^LATAM','Lamps','LATAM'),
('Lamps^LATAM no INMETRO','Lamps','LATAM no INMETRO'),
('Lamps^NAFTA','Lamps','NAFTA'),
('Lamps^RUSSIA','Lamps','RUSSIA'),
('Lamps^USA','Lamps','USA');

/*
YEAR OF RELEASE
*/
INSERT INTO LUM_MD_YEAR_OF_REL_LU (ID, VALUE, DESCRIPTION) values 
('2011', '2011',''),
('2012', '2012',''),
('2013', '2013',''),
('2014', '2014',''),
('2015', '2015',''),
('2016', '2016',''),
('2017', '2017',''),
('2018', '2018',''),
('2019', '2019',''),
('2020', '2020','');

/*
Test time cascading field
*/
INSERT INTO LUM_MD_TEST_TIME_LU1 (ID, VALUE, DESCRIPTION) values
('2016','2016',''),
('2017','2017',''),
('2018','2018',''),
('2019','2019','');

INSERT INTO LUM_MD_TEST_TIME_LU2 (ID, VALUE, DESCRIPTION) values
('FY','FY',''),
('HY1','HY1',''),
('HY2','HY2','');

/*fkghdfjkgh*/

INSERT INTO CASCADING_TABLE_INCLUSIONS values ('LUM_MD_TEST_TIME_CAS_MAP');


INSERT INTO CASCADING_TABLE_ELEMENTS values
('LUM_MD_TEST_TIME_CAS_MAP','TEST_TIME_LEVEL1','LUM.DOMAIN.TEST_TIME_LU1','LEVEL ONE','1.00'),
('LUM_MD_TEST_TIME_CAS_MAP','TEST_TIME_LEVEL2','LUM.DOMAIN.TEST_TIME_LU2','LEVEL TWO','2.00');

INSERT INTO LUM_MD_TEST_TIME_CAS_MAP values
('2016^FY','2016','FY'),
('2016^HY1','2016','HY1'),
('2016^HY2','2016','HY2'),
('2017^FY','2017','FY'),
('2017^HY1','2017','HY1'),
('2017^HY2','2017','HY2')
('2018^FY','2018','FY'),
('2018^HY1','2018','HY1'),
('2018^HY2','2018','HY2'),
('2019^FY','2019','FY'),
('2019^HY1','2019','HY1'),
('2019^HY2','2019','HY2');

/*
Sold to Customer cascading field
*/
INSERT INTO LUM_MD_SOLD_TO_BANNER_LU (ID, VALUE, DESCRIPTION) values
('Arteb','Arteb',''),
('Automotive Lighting','Automotive Lighting',''),
('FEDERAL MOGUL','FEDERAL MOGUL',''),
('Flex-N-Gate','Flex-N-Gate',''),
('Hasco Vision','Hasco Vision',''),
('Hella','Hella',''),
('JW Speaker','JW Speaker',''),
('Koito','Koito',''),
('LEAR','LEAR',''),
('MAGNA','MAGNA',''),
('MOBIS','MOBIS',''),
('No Key Account','No Key Account',''),
('Not assigned','Not assigned',''),
('ODELO / BAYRAKTARLAR','ODELO / BAYRAKTARLAR',''),
('PLL (incl. Future)','PLL (incl. Future)',''),
('SL Corporation','SL Corporation',''),
('Stanley','Stanley',''),
('Truck lite','Truck lite',''),
('Valeo','Valeo',''),
('VARROC','VARROC',''),
('XINGYU','XINGYU',''),
('ZIZALA','ZIZALA','');


INSERT INTO LUM_MD_SOLD_TO_PARTY_LU (ID, VALUE, DESCRIPTION) values
(N'-',N'-',''),
(N'3.Ausland F&A',N'3.Ausland F&A',''),
(N'AB Mikroelektronik GmbH',N'AB Mikroelektronik GmbH',''),
(N'AES Automotive Inc',N'AES Automotive Inc',''),
(N'ALI',N'ALI',''),
(N'ALTEK',N'ALTEK',''),
(N'AMPAS INDUSTRIES CO.,LTD.',N'AMPAS INDUSTRIES CO.,LTD.',''),
(N'AMS Co., Ltd.',N'AMS Co., Ltd.',''),
(N'ARROW ELECTRONICS, INC',N'ARROW ELECTRONICS, INC',''),
(N'ASETRONICS AG',N'ASETRONICS AG',''),
(N'AUTOMOTIVE LIGHT. REAR LAMPS Fce SA',N'AUTOMOTIVE LIGHT. REAR LAMPS Fce SA',''),
(N'AUTOMOTIVE LIGHTING ITALIA SPA',N'AUTOMOTIVE LIGHTING ITALIA SPA',''),
(N'AUTOMOTIVE LIGHTING RUSSIA',N'AUTOMOTIVE LIGHTING RUSSIA',''),
(N'AUTOMOTIVE LIGHTING S.R.O.',N'AUTOMOTIVE LIGHTING S.R.O.',''),
(N'AUTOSYSTEMS  (LED)',N'AUTOSYSTEMS  (LED)',''),
(N'Adval Tech (Hungary) Plant 2 Kft.',N'Adval Tech (Hungary) Plant 2 Kft.',''),
(N'Advantage Engineering',N'Advantage Engineering',''),
(N'Atressa Automotive Factory, S.A.',N'Atressa Automotive Factory, S.A.',''),
(N'Automotive Lighting',N'Automotive Lighting',''),
(N'Automotive Lighting Brotterode GmbH',N'Automotive Lighting Brotterode GmbH',''),
(N'Automotive Lighting Corp.',N'Automotive Lighting Corp.',''),
(N'Automotive Lighting Jihlava, s.r.o.',N'Automotive Lighting Jihlava, s.r.o.',''),
(N'Automotive Lighting LLC',N'Automotive Lighting LLC',''),
(N'Automotive Lighting Reutlingen GmbH',N'Automotive Lighting Reutlingen GmbH',''),
(N'Autosystem Div of Magna Exteriors',N'Autosystem Div of Magna Exteriors',''),
(N'Avnet Europe Comm. VA (Division Sil',N'Avnet Europe Comm. VA (Division Sil',''),
(N'Aygersan',N'Aygersan',''),
(N'BECOM Electronics GmbH',N'BECOM Electronics GmbH',''),
(N'BEE LIGHTING LTD',N'BEE LIGHTING LTD',''),
(N'BITRON POLAND Sp. z o.o.',N'BITRON POLAND Sp. z o.o.',''),
(N'BSP Corporation',N'BSP Corporation',''),
(N'Baja Design, Inc.',N'Baja Design, Inc.',''),
(N'Beijing Deweitongzhi Trade Co., Ltd',N'Beijing Deweitongzhi Trade Co., Ltd',''),
(N'CAF Korea Co., Ltd.',N'CAF Korea Co., Ltd.',''),
(N'CEM Electromech Pvt. Ltd',N'CEM Electromech Pvt. Ltd',''),
(N'CEMM THOME  SK Spol SRO',N'CEMM THOME  SK Spol SRO',''),
(N'CIBIE ARGENTINA S.A.',N'CIBIE ARGENTINA S.A.',''),
(N'CONG TY TNHH SAN XUAT TAN PHAT(TAFACO)',N'CONG TY TNHH SAN XUAT TAN PHAT(TAFACO)',''),
(N'CONG TY TNHH TRIOM VIET NAM',N'CONG TY TNHH TRIOM VIET NAM',''),
(N'CPD Debitoren Inland',N'CPD Debitoren Inland',''),
(N'Changchun Hella Automotive',N'Changchun Hella Automotive',''),
(N'Changzhou Xingyu Light Co., LTD',N'Changzhou Xingyu Light Co., LTD',''),
(N'Chinakhor electronic system',N'Chinakhor electronic system',''),
(N'Chongqing Jiali Bridge Lighting Co.,Ltd.',N'Chongqing Jiali Bridge Lighting Co.,Ltd.',''),
(N'Chongqing Zexiang Trade Co., Ltd',N'Chongqing Zexiang Trade Co., Ltd',''),
(N'Clark Material',N'Clark Material',''),
(N'DABEL SA',N'DABEL SA',''),
(N'DAF CAMINHÕES BRASIL INDÚSTRIA LTDA',N'DAF CAMINHÕES BRASIL INDÚSTRIA LTDA',''),
(N'DAIWA MOTOR CORPORATION',N'DAIWA MOTOR CORPORATION',''),
(N'DECOFINMEX SA DE CV',N'DECOFINMEX SA DE CV',''),
(N'DELTEC Automotive GmbH & Co. KG',N'DELTEC Automotive GmbH & Co. KG',''),
(N'DELVIS products GmbH',N'DELVIS products GmbH',''),
(N'DEW ELECTRONICS & ELECTRICALS',N'DEW ELECTRONICS & ELECTRICALS',''),
(N'DR. FISCHER VERTRIEBS GMBH',N'DR. FISCHER VERTRIEBS GMBH',''),
(N'Daiha Company',N'Daiha Company',''),
(N'Deport',N'Deport',''),
(N'Dew Electronics',N'Dew Electronics',''),
(N'Dreamtech',N'Dreamtech',''),
(N'EBW Electronics',N'EBW Electronics',''),
(N'ECIE SRL',N'ECIE SRL',''),
(N'ELRAD INTERNATIONAL D.O.O.',N'ELRAD INTERNATIONAL D.O.O.',''),
(N'EOI(BVI)CO., LTD.',N'EOI(BVI)CO., LTD.',''),
(N'EXCELLENCE OPTO.INC.',N'EXCELLENCE OPTO.INC.',''),
(N'Electrica Engineers India Pvt. Ltd.',N'Electrica Engineers India Pvt. Ltd.',''),
(N'Empire Electronics',N'Empire Electronics',''),
(N'FARBA OTOMOTIV AYDINLATMA',N'FARBA OTOMOTIV AYDINLATMA',''),
(N'FAROIS VINCO IND E COM LTDA',N'FAROIS VINCO IND E COM LTDA',''),
(N'FEDERAL MOGUL IND AUTOPECAS LTDA',N'FEDERAL MOGUL IND AUTOPECAS LTDA',''),
(N'FEDERAL MOGUL IND DE AUTOPEÇAS LTDA',N'FEDERAL MOGUL IND DE AUTOPEÇAS LTDA',''),
(N'FEP Fahrzeugelektrik Pirna',N'FEP Fahrzeugelektrik Pirna',''),
(N'FIEM INDUSTRIES Ltd',N'FIEM INDUSTRIES Ltd',''),
(N'FLEXNGATE BRASIL INDUSTRIAL LTDA',N'FLEXNGATE BRASIL INDUSTRIAL LTDA',''),
(N'Fabrinet Co.,Ltd.',N'Fabrinet Co.,Ltd.',''),
(N'Falcon Manufacturing',N'Falcon Manufacturing',''),
(N'Federal Mogul Corp.',N'Federal Mogul Corp.',''),
(N'Flextronics International Europe BV',N'Flextronics International Europe BV',''),
(N'Flextronics International KFT',N'Flextronics International KFT',''),
(N'Flextronics Manufacturing Europe BV',N'Flextronics Manufacturing Europe BV',''),
(N'Flextronics Technologies',N'Flextronics Technologies',''),
(N'Foshan Ichikoh Valeo',N'Foshan Ichikoh Valeo',''),
(N'Foshan Ichikoh Valeo Auto',N'Foshan Ichikoh Valeo Auto',''),
(N'Fu An Industrial Co.',N'Fu An Industrial Co.',''),
(N'Fu-An Opto.',N'Fu-An Opto.',''),
(N'Fujitsu Electronics Inc.',N'Fujitsu Electronics Inc.',''),
(N'Future Electronics',N'Future Electronics',''),
(N'Future Electronics, Inc.',N'Future Electronics, Inc.',''),
(N'Future Singapore',N'Future Singapore',''),
(N'GENERAL MOTORS DO BRASIL LTDA',N'GENERAL MOTORS DO BRASIL LTDA',''),
(N'GENESIS DEVICES E EQUI. IND. E COM.',N'GENESIS DEVICES E EQUI. IND. E COM.',''),
(N'GOLIGHT INC.',N'GOLIGHT INC.',''),
(N'GRUPO ANTOLIN BESANÇON',N'GRUPO ANTOLIN BESANÇON',''),
(N'GUANGZHOU KOITO AUTOMOTIVE',N'GUANGZHOU KOITO AUTOMOTIVE',''),
(N'GUREAK LANEAN, S.A',N'GUREAK LANEAN, S.A',''),
(N'Grace Bright Enterprise Ltd.',N'Grace Bright Enterprise Ltd.',''),
(N'Grakon, LLC',N'Grakon, LLC',''),
(N'Great Wall Motors',N'Great Wall Motors',''),
(N'Guangzhou Stanley Electric Co.,ltd',N'Guangzhou Stanley Electric Co.,ltd',''),
(N'HAKOH CO.,LTD',N'HAKOH CO.,LTD',''),
(N'HANA Microelectronics',N'HANA Microelectronics',''),
(N'HELLA  ROMANIA S.R.L.',N'HELLA  ROMANIA S.R.L.',''),
(N'HELLA (N.Z.) LTD',N'HELLA (N.Z.) LTD',''),
(N'HELLA AUTOMOTIVE MEXICO SA DE CV',N'HELLA AUTOMOTIVE MEXICO SA DE CV',''),
(N'HELLA AUTOTECHNIK NOVA S.R.O.',N'HELLA AUTOTECHNIK NOVA S.R.O.',''),
(N'HELLA GmbH & Co. KGaA',N'HELLA GmbH & Co. KGaA',''),
(N'HELLA INDIA LIGHTING LTD.',N'HELLA INDIA LIGHTING LTD.',''),
(N'HELLA SATURNUS SLOVENIJA D.O.O.',N'HELLA SATURNUS SLOVENIJA D.O.O.',''),
(N'HELLA SLOVAKIA SIGNAL-LIGHTING',N'HELLA SLOVAKIA SIGNAL-LIGHTING',''),
(N'HIYORI INDUSTRIES SDN BHD',N'HIYORI INDUSTRIES SDN BHD',''),
(N'HSL Electronics Corporation',N'HSL Electronics Corporation',''),
(N'Hamsar Diversco',N'Hamsar Diversco',''),
(N'Hella Fahrzeugteile Austria GmbH',N'Hella Fahrzeugteile Austria GmbH',''),
(N'Hella Inc.',N'Hella Inc.',''),
(N'Hella Innenleuchten-Systeme GmbH',N'Hella Innenleuchten-Systeme GmbH',''),
(N'Hella Lighting Finland Oy',N'Hella Lighting Finland Oy',''),
(N'Hella Slovakia Front Lighting S.R.O',N'Hella Slovakia Front Lighting S.R.O',''),
(N'Herkules-Resotec Electronik GmbH',N'Herkules-Resotec Electronik GmbH',''),
(N'Hualun Electric Wuhan Co.,Ltd',N'Hualun Electric Wuhan Co.,Ltd',''),
(N'Huanxu Electronics Co.Ltd',N'Huanxu Electronics Co.Ltd',''),
(N'Hubei Huazhong Magneti Marelli',N'Hubei Huazhong Magneti Marelli',''),
(N'Hubei Xiaomi Light Co., LTD',N'Hubei Xiaomi Light Co., LTD',''),
(N'Huf do Brasil Ltda',N'Huf do Brasil Ltda',''),
(N'Hyundai I.H.L Coporation.co.Ltd',N'Hyundai I.H.L Coporation.co.Ltd',''),
(N'Hyundai Mobis Mexico S de RL de CV',N'Hyundai Mobis Mexico S de RL de CV',''),
(N'Häberle Laser- u. Feinwerktechnik',N'Häberle Laser- u. Feinwerktechnik',''),
(N'ICHIKOH INDUSTRIES (Thailand)',N'ICHIKOH INDUSTRIES (Thailand)',''),
(N'ICHIKOH INDUSTRIES,L',N'ICHIKOH INDUSTRIES,L',''),
(N'ICHIKOH(MALAYSIA) SDN. BHD.',N'ICHIKOH(MALAYSIA) SDN. BHD.',''),
(N'II Stanley Co. Inc.',N'II Stanley Co. Inc.',''),
(N'IL MAS SRL',N'IL MAS SRL',''),
(N'INDIA JAPAN LIGHTING PRIVATE LTD',N'INDIA JAPAN LIGHTING PRIVATE LTD',''),
(N'INDIA JAPAN LIGHTING PVT LTD',N'INDIA JAPAN LIGHTING PVT LTD',''),
(N'INDUSTRIA ARTEB S A',N'INDUSTRIA ARTEB S A',''),
(N'INDUSTRIA AUTO METALURGICA S A',N'INDUSTRIA AUTO METALURGICA S A',''),
(N'INDUSTRIAS ARTEB SA',N'INDUSTRIAS ARTEB SA',''),
(N'INNOREX TECHNOLOGIES',N'INNOREX TECHNOLOGIES',''),
(N'INTERFACE MICROSYSTEMS',N'INTERFACE MICROSYSTEMS',''),
(N'INTOPS',N'INTOPS',''),
(N'INVISION SALES PTY LTD.',N'INVISION SALES PTY LTD.',''),
(N'Ilheung Co., LTD.',N'Ilheung Co., LTD.',''),
(N'Indak Manufacturing Corporation',N'Indak Manufacturing Corporation',''),
(N'Industrias Arteb Ltda',N'Industrias Arteb Ltda',''),
(N'Infopower Technologies Ltd',N'Infopower Technologies Ltd',''),
(N'Integrated Micro-Electronics',N'Integrated Micro-Electronics',''),
(N'JAY INDUSTRIES',N'JAY INDUSTRIES',''),
(N'JOAO GUILHERME SONEGO',N'JOAO GUILHERME SONEGO',''),
(N'JUTE INDUSTRIAL CO.,LTD.',N'JUTE INDUSTRIAL CO.,LTD.',''),
(N'JW Speaker Corp.',N'JW Speaker Corp.',''),
(N'Jabil Circuit (Guangzhou) Co., LTD',N'Jabil Circuit (Guangzhou) Co., LTD',''),
(N'Jabil Circuit Hungary Ltd.',N'Jabil Circuit Hungary Ltd.',''),
(N'Jebsen Automotive Technik Co.,Ltd.',N'Jebsen Automotive Technik Co.,Ltd.',''),
(N'Jiangsu Fuxin Electronic Lighting',N'Jiangsu Fuxin Electronic Lighting',''),
(N'Jiangsu Fuxin Trade Co.Ltd.',N'Jiangsu Fuxin Trade Co.Ltd.',''),
(N'Jilin harmonious Yongsheng Vehicle',N'Jilin harmonious Yongsheng Vehicle',''),
(N'Jinan Yeyi Commercial & Trading',N'Jinan Yeyi Commercial & Trading',''),
(N'Jinxiang lighting (dalian) Co.,Ltd.',N'Jinxiang lighting (dalian) Co.,Ltd.',''),
(N'Juliana Gubel',N'Juliana Gubel',''),
(N'K.C. HiLites',N'K.C. HiLites',''),
(N'KEEPERTECH Technology Co., LTD',N'KEEPERTECH Technology Co., LTD',''),
(N'KOITO CZECH S.R.O.',N'KOITO CZECH S.R.O.',''),
(N'KOITO EUROPE LTD',N'KOITO EUROPE LTD',''),
(N'KOITO MANUFACTURING',N'KOITO MANUFACTURING',''),
(N'KOSTAL MEXICANA SA DE CV',N'KOSTAL MEXICANA SA DE CV',''),
(N'KT NETWORK Co., LTD',N'KT NETWORK Co., LTD',''),
(N'KTM AG',N'KTM AG',''),
(N'KTM SPORTMOTORCYCLE AG',N'KTM SPORTMOTORCYCLE AG',''),
(N'KUMAP Co.,Ltd',N'KUMAP Co.,Ltd',''),
(N'KUMHO HT, INC',N'KUMHO HT, INC',''),
(N'Kaga Electronics ( Thailand )',N'Kaga Electronics ( Thailand )',''),
(N'Kaynes Technology India Pvt Limited',N'Kaynes Technology India Pvt Limited',''),
(N'Kaynes Technology India Pvt Ltd',N'Kaynes Technology India Pvt Ltd',''),
(N'LACROIX ELECTRONICS Sp. z o.o.',N'LACROIX ELECTRONICS Sp. z o.o.',''),
(N'LASTER TECH CO., LTD',N'LASTER TECH CO., LTD',''),
(N'LED Litek',N'LED Litek',''),
(N'LEONI WIRING SYSTEMS EGYPT SAE',N'LEONI WIRING SYSTEMS EGYPT SAE',''),
(N'LIFE ELEX INC.',N'LIFE ELEX INC.',''),
(N'LUMAX ANCILLARY LIMITED',N'LUMAX ANCILLARY LIMITED',''),
(N'LUMAX AUTO TECHNOLOGIES LIMITED',N'LUMAX AUTO TECHNOLOGIES LIMITED',''),
(N'LUMAX INDUSTRIES LIMITED -DHARUHERA',N'LUMAX INDUSTRIES LIMITED -DHARUHERA',''),
(N'LUMAX INDUSTRIES Ltd',N'LUMAX INDUSTRIES Ltd',''),
(N'LUMENS Korea CO.,LTD.',N'LUMENS Korea CO.,LTD.',''),
(N'LUMOTECH (PTY) LTD.',N'LUMOTECH (PTY) LTD.',''),
(N'Laster Tech Co., Ltd.',N'Laster Tech Co., Ltd.',''),
(N'Lear Corporation GmbH',N'Lear Corporation GmbH',''),
(N'Lite-On (Guangzhou) Automotive',N'Lite-On (Guangzhou) Automotive',''),
(N'Lite-On Singapore Ptd. Ltd.',N'Lite-On Singapore Ptd. Ltd.',''),
(N'Lite-On Technology Corporation Kaohsiung',N'Lite-On Technology Corporation Kaohsiung',''),
(N'Long fon',N'Long fon',''),
(N'Lumax Auto Technologies Ltd.',N'Lumax Auto Technologies Ltd.',''),
(N'Lumax Industries limited',N'Lumax Industries limited',''),
(N'Lumileds India Pvt Ltd',N'Lumileds India Pvt Ltd',''),
(N'M.C.E. s.r.l.',N'M.C.E. s.r.l.',''),
(N'MAESA SA',N'MAESA SA',''),
(N'MAGNA AUTOSYSTEMS',N'MAGNA AUTOSYSTEMS',''),
(N'MAGNA SLOVTECA S.R.O.',N'MAGNA SLOVTECA S.R.O.',''),
(N'MAGNETI MARELLI ESPANA S.A.',N'MAGNETI MARELLI ESPANA S.A.',''),
(N'MAGNETI MARELLI ESPANA SA',N'MAGNETI MARELLI ESPANA SA',''),
(N'MAGNETI MARELLI POLAND SP.Z.O.O',N'MAGNETI MARELLI POLAND SP.Z.O.O',''),
(N'MAGNETI MARELLI SISTEMAS',N'MAGNETI MARELLI SISTEMAS',''),
(N'MAGNETI MARELLI SISTEMAS AUTO',N'MAGNETI MARELLI SISTEMAS AUTO',''),
(N'MAGNETI MARELLI SISTEMAS ELECTRONIC',N'MAGNETI MARELLI SISTEMAS ELECTRONIC',''),
(N'MAGNETI MARELLI TOLUCA MEXICO S de',N'MAGNETI MARELLI TOLUCA MEXICO S de',''),
(N'MELECS EWS GmbH',N'MELECS EWS GmbH',''),
(N'MIKROTECH SERVICES',N'MIKROTECH SERVICES',''),
(N'MINDA INDUSTRIES Ltd',N'MINDA INDUSTRIES Ltd',''),
(N'MOLEX LLC',N'MOLEX LLC',''),
(N'MSL CIRCUITS',N'MSL CIRCUITS',''),
(N'Magna Spiegelsysteme GmbH',N'Magna Spiegelsysteme GmbH',''),
(N'Magneti Marelli',N'Magneti Marelli',''),
(N'Magneti Marelli Automotive',N'Magneti Marelli Automotive',''),
(N'Magneti Marelli Automotive Electronics',N'Magneti Marelli Automotive Electronics',''),
(N'Magneti Marelli Automotive Lighting',N'Magneti Marelli Automotive Lighting',''),
(N'Magneti Marelli Motherson',N'Magneti Marelli Motherson',''),
(N'Malaysian Automotive Lighting Sdn.',N'Malaysian Automotive Lighting Sdn.',''),
(N'Marcos Roberto Guerreiro',N'Marcos Roberto Guerreiro',''),
(N'Marubeni Metals Corporation',N'Marubeni Metals Corporation',''),
(N'Mecatronics Solutions Sistemas',N'Mecatronics Solutions Sistemas',''),
(N'Mektec Manufacturing',N'Mektec Manufacturing',''),
(N'Mobis-Hyundai Co.LTD.',N'Mobis-Hyundai Co.LTD.',''),
(N'Mouser',N'Mouser',''),
(N'Myotek North America',N'Myotek North America',''),
(N'NAL do Brasil Ind  Com de Component',N'NAL do Brasil Ind  Com de Component',''),
(N'NEOLITE ZKW LIGHTINGS PVT LTD',N'NEOLITE ZKW LIGHTINGS PVT LTD',''),
(N'NEOLITE ZKW LIGHTINGS PVT. LTD.',N'NEOLITE ZKW LIGHTINGS PVT. LTD.',''),
(N'NIFCO Korea',N'NIFCO Korea',''),
(N'NISSAN MOTOR CO.,LTD DESIGN Dept.',N'NISSAN MOTOR CO.,LTD DESIGN Dept.',''),
(N'NORTH AMERICAN LIGHTING MEXICO',N'NORTH AMERICAN LIGHTING MEXICO',''),
(N'Nal do Brasil Industria e Comercio',N'Nal do Brasil Industria e Comercio',''),
(N'Nanjing Guojie Industry And',N'Nanjing Guojie Industry And',''),
(N'Nanjing Sanming Trade Co., Ltd',N'Nanjing Sanming Trade Co., Ltd',''),
(N'North American Lighting',N'North American Lighting',''),
(N'Not assigned',N'Not assigned',''),
(N'Novita Technologies',N'Novita Technologies',''),
(N'OLSA SPA',N'OLSA SPA',''),
(N'ONE TIME PARTY BRAZIL',N'ONE TIME PARTY BRAZIL',''),
(N'ONE TIME PARTY CHINA',N'ONE TIME PARTY CHINA',''),
(N'ONE TIME PARTY FINLAND',N'ONE TIME PARTY FINLAND',''),
(N'ONE TIME PARTY GERMANY',N'ONE TIME PARTY GERMANY',''),
(N'ONE TIME PARTY ITALY',N'ONE TIME PARTY ITALY',''),
(N'ONE TIME PARTY JAPAN',N'ONE TIME PARTY JAPAN',''),
(N'ONE TIME PARTY KOREA, REPUBLIC OF',N'ONE TIME PARTY KOREA, REPUBLIC OF',''),
(N'ONE TIME PARTY OVERSEAS',N'ONE TIME PARTY OVERSEAS',''),
(N'ONE TIME PARTY SINGAPORE',N'ONE TIME PARTY SINGAPORE',''),
(N'ONE TIME PARTY UNITED STATES',N'ONE TIME PARTY UNITED STATES',''),
(N'ONE TIME PARTY BULGARIA',N'ONE TIME PARTY BULGARIA',''),
(N'ONE TIME PARTY CZECHIA',N'ONE TIME PARTY CZECHIA',''),
(N'ONE TIME PARTY MEXICO',N'ONE TIME PARTY MEXICO',''),
(N'ONE TIME PARTY TURKEY',N'ONE TIME PARTY TURKEY',''),
(N'ORION Electronics Ltd.',N'ORION Electronics Ltd.',''),
(N'Oechsler AG',N'Oechsler AG',''),
(N'Olsa Poland Sp. z o.o',N'Olsa Poland Sp. z o.o',''),
(N'One time customer (domestic)',N'One time customer (domestic)',''),
(N'One time customer (foreign)',N'One time customer (foreign)',''),
(N'PLASCAR INDUSTRIA DE COMPONENTES',N'PLASCAR INDUSTRIA DE COMPONENTES',''),
(N'PT. GROKINDO',N'PT. GROKINDO',''),
(N'Panasonic Corporation',N'Panasonic Corporation',''),
(N'Philips India Limited',N'Philips India Limited',''),
(N'Philips Lighting',N'Philips Lighting',''),
(N'Pusan plastic Co.LTD.',N'Pusan plastic Co.LTD.',''),
(N'QUAN MEI TECHNOLOGY CO., LTD',N'QUAN MEI TECHNOLOGY CO., LTD',''),
(N'REDEN a.s.',N'REDEN a.s.',''),
(N'RINDER INDIA PVT Ltd',N'RINDER INDIA PVT Ltd',''),
(N'RINDER INDIA PVT. LTD.',N'RINDER INDIA PVT. LTD.',''),
(N'RINDER RIDUCO S.A.S.',N'RINDER RIDUCO S.A.S.',''),
(N'RJ Lasertechnik GmbH',N'RJ Lasertechnik GmbH',''),
(N'Rebo Lighting Electronics GmbH',N'Rebo Lighting Electronics GmbH',''),
(N'S.C. ELBA S.A.',N'S.C. ELBA S.A.',''),
(N'SERO GmbH & Co. KG',N'SERO GmbH & Co. KG',''),
(N'SG Automotive d.o.o.',N'SG Automotive d.o.o.',''),
(N'SIAN - SISTEMAS DE ILUMINACAO',N'SIAN - SISTEMAS DE ILUMINACAO',''),
(N'SIIX Bangkok Co.,Ltd.',N'SIIX Bangkok Co.,Ltd.',''),
(N'SIIX Corporation',N'SIIX Corporation',''),
(N'SIIX EMS Slovakia s.r.o.',N'SIIX EMS Slovakia s.r.o.',''),
(N'SIIX U.S.A. Corporation',N'SIIX U.S.A. Corporation',''),
(N'SL Corporation-JINRYANG',N'SL Corporation-JINRYANG',''),
(N'SL Corporation-Sungsan',N'SL Corporation-Sungsan',''),
(N'SL LUMAX LIMITED',N'SL LUMAX LIMITED',''),
(N'SL Lighting Corporation',N'SL Lighting Corporation',''),
(N'SL Lighttech Corporation',N'SL Lighttech Corporation',''),
(N'SL Mirrortech',N'SL Mirrortech',''),
(N'SL Seobong Corporation',N'SL Seobong Corporation',''),
(N'SL Tennessee, LLC',N'SL Tennessee, LLC',''),
(N'SL-Alabama',N'SL-Alabama',''),
(N'SMR Automotive Mirror',N'SMR Automotive Mirror',''),
(N'SMR Automotive Systems USA',N'SMR Automotive Systems USA',''),
(N'STANLEY ELECTRIC (ASIA PACIFIC) LTD',N'STANLEY ELECTRIC (ASIA PACIFIC) LTD',''),
(N'STANLEY ELECTRIC CO.',N'STANLEY ELECTRIC CO.',''),
(N'STANLEY ELECTRIC DO BRASIL LTDA',N'STANLEY ELECTRIC DO BRASIL LTDA',''),
(N'STANLEY ELECTRIC HUNGARY KFT.',N'STANLEY ELECTRIC HUNGARY KFT.',''),
(N'SUMIDA COMPONENTS & MODULES',N'SUMIDA COMPONENTS & MODULES',''),
(N'SURFACE TECHNOLOGY INTERNATIONAL',N'SURFACE TECHNOLOGY INTERNATIONAL',''),
(N'SWARCO FUTURIT VERK.SIGN.SYST.GMBH',N'SWARCO FUTURIT VERK.SIGN.SYST.GMBH',''),
(N'Sea Link International',N'Sea Link International',''),
(N'Sekwang Electron',N'Sekwang Electron',''),
(N'Seohae IND Co., LTD',N'Seohae IND Co., LTD',''),
(N'Sewoon',N'Sewoon',''),
(N'Shanghai Guangdun automotive electronics',N'Shanghai Guangdun automotive electronics',''),
(N'Shanghai Huafei Lighting Electric',N'Shanghai Huafei Lighting Electric',''),
(N'Shanghai Shunlai Industry-Trading',N'Shanghai Shunlai Industry-Trading',''),
(N'Shanghai Shunlai Lighting Electric',N'Shanghai Shunlai Lighting Electric',''),
(N'Shanghai Shunlai Lighting Electronics',N'Shanghai Shunlai Lighting Electronics',''),
(N'Shanghai Shunyilai Goods &',N'Shanghai Shunyilai Goods &',''),
(N'Shanghai Sunlight OPTO Device Co., Ltd.',N'Shanghai Sunlight OPTO Device Co., Ltd.',''),
(N'Shanghai Zhongxiong Automobile',N'Shanghai Zhongxiong Automobile',''),
(N'Shenyang Valeo Auto Lighting Co.,Ltd.',N'Shenyang Valeo Auto Lighting Co.,Ltd.',''),
(N'Shenzhen Hongren technical',N'Shenzhen Hongren technical',''),
(N'Sinwoo Electric Co.LTD.',N'Sinwoo Electric Co.LTD.',''),
(N'Sitronic GmbH & Co.KG',N'Sitronic GmbH & Co.KG',''),
(N'Sluzba Nitra, s.r.o.',N'Sluzba Nitra, s.r.o.',''),
(N'Stanley Electric',N'Stanley Electric',''),
(N'Stanley Electric Manufacturing',N'Stanley Electric Manufacturing',''),
(N'Stanley Electric(Asia Pacific)',N'Stanley Electric(Asia Pacific)',''),
(N'Streamlight Inc.',N'Streamlight Inc.',''),
(N'Sumitronics USA, Inc',N'Sumitronics USA, Inc',''),
(N'Sungbo Automotive Co.,Ltd',N'Sungbo Automotive Co.,Ltd',''),
(N'TECTRON GMBH',N'TECTRON GMBH',''),
(N'TIS Circuits',N'TIS Circuits',''),
(N'TOSHIBA LIGHTING & TECHNOLOGY',N'TOSHIBA LIGHTING & TECHNOLOGY',''),
(N'TOYOTA TSUSHO EUROPE S.A.',N'TOYOTA TSUSHO EUROPE S.A.',''),
(N'TRC COMPONENTES ELETRICOS LTDA',N'TRC COMPONENTES ELETRICOS LTDA',''),
(N'TRIOM SPA',N'TRIOM SPA',''),
(N'TWOSUN ENG',N'TWOSUN ENG',''),
(N'TYC',N'TYC',''),
(N'Ta Yih Industrial Co',N'Ta Yih Industrial Co',''),
(N'Thai Koito Co., Ltd.',N'Thai Koito Co., Ltd.',''),
(N'Thai Koito Co.,Ltd.',N'Thai Koito Co.,Ltd.',''),
(N'Thai Stanley Electric Plc.',N'Thai Stanley Electric Plc.',''),
(N'Tianjin Stanley Electric Co.,ltd.',N'Tianjin Stanley Electric Co.,ltd.',''),
(N'Tianjin Xinzhengguangyuan Trading',N'Tianjin Xinzhengguangyuan Trading',''),
(N'Truck-Lite',N'Truck-Lite',''),
(N'Truck-Lite Europe GmbH',N'Truck-Lite Europe GmbH',''),
(N'UM AUTOCOMP PRIVATE LIMITED',N'UM AUTOCOMP PRIVATE LIMITED',''),
(N'UMC ELECTRONICS CO., LTD.',N'UMC ELECTRONICS CO., LTD.',''),
(N'UNITECH MACHINES LIMITED',N'UNITECH MACHINES LIMITED',''),
(N'UNIVERSAL SCIENTIFIC INDUSTRIAL',N'UNIVERSAL SCIENTIFIC INDUSTRIAL',''),
(N'UTAC CENTRE D''ESSAIS',N'UTAC CENTRE D''ESSAIS',''),
(N'UTAS Nova Design & Engineering NA',N'UTAS Nova Design & Engineering NA',''),
(N'Unitech Machines Ltd UnitIII',N'Unitech Machines Ltd UnitIII',''),
(N'Universal Global Technology',N'Universal Global Technology',''),
(N'VALEO AUTOSYSTEMY SP. Z.O.O.',N'VALEO AUTOSYSTEMY SP. Z.O.O.',''),
(N'VALEO ILUMINACION SAU',N'VALEO ILUMINACION SAU',''),
(N'VALEO LIGHTING SYSTEMS INDIA',N'VALEO LIGHTING SYSTEMS INDIA',''),
(N'VALEO NORTH AMERICA INC',N'VALEO NORTH AMERICA INC',''),
(N'VALEO SISTEMAS AUTOMOTIVOS LTDA',N'VALEO SISTEMAS AUTOMOTIVOS LTDA',''),
(N'VALEO SPA',N'VALEO SPA',''),
(N'VALEO VISION BLOIS',N'VALEO VISION BLOIS',''),
(N'VALEO VISION Belgique S.A.',N'VALEO VISION Belgique S.A.',''),
(N'VALEO VISION FRANCE SAS',N'VALEO VISION FRANCE SAS',''),
(N'VALEO VISION SA',N'VALEO VISION SA',''),
(N'VALEO VISION SAS',N'VALEO VISION SAS',''),
(N'VALEO VISION-SIGNALISATION',N'VALEO VISION-SIGNALISATION',''),
(N'VARROC ENGINEERING PVT. LTD.',N'VARROC ENGINEERING PVT. LTD.',''),
(N'VARROC LIGHTING SYSTEMS (I) PVT LTD',N'VARROC LIGHTING SYSTEMS (I) PVT LTD',''),
(N'VITEC GLOBAL ELECTRONICS CO., LTD.',N'VITEC GLOBAL ELECTRONICS CO., LTD.',''),
(N'VLE Elektronik Otomotiv San. ve Tic',N'VLE Elektronik Otomotiv San. ve Tic',''),
(N'VOSLA GmbH',N'VOSLA GmbH',''),
(N'VTQ Videotronik GmbH',N'VTQ Videotronik GmbH',''),
(N'Valeo Ichikoh(China) Auto lighting',N'Valeo Ichikoh(China) Auto lighting',''),
(N'Valeo Iluminación S.A.',N'Valeo Iluminación S.A.',''),
(N'Valeo Lighting Injection S.A.',N'Valeo Lighting Injection S.A.',''),
(N'Valeo Sylvania',N'Valeo Sylvania',''),
(N'Varroc Lighting Systems s.r.o.',N'Varroc Lighting Systems s.r.o.',''),
(N'Varroc Lighting Sytems Inc',N'Varroc Lighting Sytems Inc',''),
(N'Ventra Grand Rapids 5, LLC.',N'Ventra Grand Rapids 5, LLC.',''),
(N'Ventra Sandusky LLC',N'Ventra Sandusky LLC',''),
(N'Videoton Autoelektronika Kft',N'Videoton Autoelektronika Kft',''),
(N'Vietnam Stanley Electric Co., Ltd',N'Vietnam Stanley Electric Co., Ltd',''),
(N'Visteon Corporation',N'Visteon Corporation',''),
(N'Vivek Kumar Sharma',N'Vivek Kumar Sharma',''),
(N'WELCON INDUSTRIA METALURGICA LTDA',N'WELCON INDUSTRIA METALURGICA LTDA',''),
(N'WIPAC LTD',N'WIPAC LTD',''),
(N'WUHU VALEO AUTOMOTIVE LIGHTING SYSTEMS',N'WUHU VALEO AUTOMOTIVE LIGHTING SYSTEMS',''),
(N'Woojin Jeonzang',N'Woojin Jeonzang',''),
(N'Wu Xi Shi Dai Rui Dei Trading Co.,Ltd',N'Wu Xi Shi Dai Rui Dei Trading Co.,Ltd',''),
(N'Wuhan Stanley Electronics Co.,Ltd',N'Wuhan Stanley Electronics Co.,Ltd',''),
(N'XPO LOGISTICS WORLDWIDE (THAILAND)',N'XPO LOGISTICS WORLDWIDE (THAILAND)',''),
(N'Xigesi Trading (Shanghai) Co., LTD',N'Xigesi Trading (Shanghai) Co., LTD',''),
(N'Y.M.P. Co., Ltd',N'Y.M.P. Co., Ltd',''),
(N'YUWON',N'YUWON',''),
(N'Yantai Naite Trade&Service Co.,Ltd',N'Yantai Naite Trade&Service Co.,Ltd',''),
(N'Yeonhan Industry Corporation',N'Yeonhan Industry Corporation',''),
(N'ZES Zollner Electronic SRL',N'ZES Zollner Electronic SRL',''),
(N'ZHEJIANG JIALI INDUSTRY CO.,LTD',N'ZHEJIANG JIALI INDUSTRY CO.,LTD',''),
(N'ZKW Lichtsysteme GmbH',N'ZKW Lichtsysteme GmbH',''),
(N'ZKW Slovakia s.r.o.',N'ZKW Slovakia s.r.o.',''),
(N'ZOLLNER ELECTRONIC KFT.',N'ZOLLNER ELECTRONIC KFT.',''),
(N'Zhejiang Jiali(Lishui) Industry Crop.',N'Zhejiang Jiali(Lishui) Industry Crop.',''),
(N'Zollner Electronics Costa Rica Ltd',N'Zollner Electronics Costa Rica Ltd',''),
(N'Zollner Elektronik AG',N'Zollner Elektronik AG',''),
(N'Zu Yih Technology Co',N'Zu Yih Technology Co',''),
(N'enmech Hungary Gyarto es Kereskedel',N'enmech Hungary Gyarto es Kereskedel',''),
(N'enmech Hungary bt.',N'enmech Hungary bt.',''),
(N'odelo Deutschland GmbH',N'odelo Deutschland GmbH',''),
(N'odelo GmbH',N'odelo GmbH',''),
(N'odelo Slovenija d.o.o.',N'odelo Slovenija d.o.o.',''),
(N'广东嘉利车灯有限公司',N'广东嘉利车灯有限公司',''),
(N'江苏富新商贸有限公司',N'江苏富新商贸有限公司','');

INSERT INTO CASCADING_TABLE_INCLUSIONS values ('LUM_MD_SOLD_TO_CUS_CAS_MAP');


INSERT INTO CASCADING_TABLE_ELEMENTS values
('LUM_MD_SOLD_TO_CUS_CAS_MAP','SOLD_TO_BANNER','LUM.DOMAIN.BANNER_LU','SOLD TO BANNER','1.00'),
('LUM_MD_SOLD_TO_CUS_CAS_MAP','SOLD_TO_PARTY','LUM.DOMAIN.PARTY_LU','SOLD TO PARTY','2.00');

INSERT INTO LUM_MD_SOLD_TO_CUS_CAS_MAP values
(N'Arteb^INDUSTRIA ARTEB S A','Arteb',N'INDUSTRIA ARTEB S A'),
(N'Arteb^Industrias Arteb Ltda','Arteb',N'Industrias Arteb Ltda'),
(N'Arteb^INDUSTRIAS ARTEB SA','Arteb',N'INDUSTRIAS ARTEB SA'),
(N'Automotive Lighting^AUTOMOTIVE LIGHT. REAR LAMPS Fce SA','Automotive Lighting',N'AUTOMOTIVE LIGHT. REAR LAMPS Fce SA'),
(N'Automotive Lighting^Automotive Lighting','Automotive Lighting',N'Automotive Lighting'),
(N'Automotive Lighting^Automotive Lighting Brotterode GmbH','Automotive Lighting',N'Automotive Lighting Brotterode GmbH'),
(N'Automotive Lighting^Automotive Lighting Corp.','Automotive Lighting',N'Automotive Lighting Corp.'),
(N'Automotive Lighting^AUTOMOTIVE LIGHTING ITALIA SPA','Automotive Lighting',N'AUTOMOTIVE LIGHTING ITALIA SPA'),
(N'Automotive Lighting^Automotive Lighting Jihlava, s.r.o.','Automotive Lighting',N'Automotive Lighting Jihlava, s.r.o.'),
(N'Automotive Lighting^Automotive Lighting LLC','Automotive Lighting',N'Automotive Lighting LLC'),
(N'Automotive Lighting^Automotive Lighting Reutlingen GmbH','Automotive Lighting',N'Automotive Lighting Reutlingen GmbH'),
(N'Automotive Lighting^AUTOMOTIVE LIGHTING RUSSIA','Automotive Lighting',N'AUTOMOTIVE LIGHTING RUSSIA'),
(N'Automotive Lighting^AUTOMOTIVE LIGHTING S.R.O.','Automotive Lighting',N'AUTOMOTIVE LIGHTING S.R.O.'),
(N'Automotive Lighting^DABEL SA','Automotive Lighting',N'DABEL SA'),
(N'Automotive Lighting^Flextronics International Europe BV','Automotive Lighting',N'Flextronics International Europe BV'),
(N'Automotive Lighting^Flextronics International KFT','Automotive Lighting',N'Flextronics International KFT'),
(N'Automotive Lighting^Future Electronics, Inc.','Automotive Lighting',N'Future Electronics, Inc.'),
(N'Automotive Lighting^Hubei Huazhong Magneti Marelli','Automotive Lighting',N'Hubei Huazhong Magneti Marelli'),
(N'Automotive Lighting^IL MAS SRL','Automotive Lighting',N'IL MAS SRL'),
(N'Automotive Lighting^Integrated Micro-Electronics','Automotive Lighting',N'Integrated Micro-Electronics'),
(N'Automotive Lighting^LACROIX ELECTRONICS Sp. z o.o.','Automotive Lighting',N'LACROIX ELECTRONICS Sp. z o.o.'),
(N'Automotive Lighting^Lite-On (Guangzhou) Automotive','Automotive Lighting',N'Lite-On (Guangzhou) Automotive'),
(N'Automotive Lighting^Lite-On Singapore Ptd. Ltd.','Automotive Lighting',N'Lite-On Singapore Ptd. Ltd.'),
(N'Automotive Lighting^Lite-On Technology Corporation Kaohsiung','Automotive Lighting',N'Lite-On Technology Corporation Kaohsiung'),
(N'Automotive Lighting^Magneti Marelli','Automotive Lighting',N'Magneti Marelli'),
(N'Automotive Lighting^Magneti Marelli Automotive','Automotive Lighting',N'Magneti Marelli Automotive'),
(N'Automotive Lighting^Magneti Marelli Automotive Electronics','Automotive Lighting',N'Magneti Marelli Automotive Electronics'),
(N'Automotive Lighting^Magneti Marelli Automotive Lighting','Automotive Lighting',N'Magneti Marelli Automotive Lighting'),
(N'Automotive Lighting^MAGNETI MARELLI ESPANA S.A.','Automotive Lighting',N'MAGNETI MARELLI ESPANA S.A.'),
(N'Automotive Lighting^MAGNETI MARELLI ESPANA SA','Automotive Lighting',N'MAGNETI MARELLI ESPANA SA'),
(N'Automotive Lighting^Magneti Marelli Motherson','Automotive Lighting',N'Magneti Marelli Motherson'),
(N'Automotive Lighting^MAGNETI MARELLI POLAND SP.Z.O.O','Automotive Lighting',N'MAGNETI MARELLI POLAND SP.Z.O.O'),
(N'Automotive Lighting^MAGNETI MARELLI SISTEMAS','Automotive Lighting',N'MAGNETI MARELLI SISTEMAS'),
(N'Automotive Lighting^MAGNETI MARELLI SISTEMAS AUTO','Automotive Lighting',N'MAGNETI MARELLI SISTEMAS AUTO'),
(N'Automotive Lighting^MAGNETI MARELLI SISTEMAS ELECTRONIC','Automotive Lighting',N'MAGNETI MARELLI SISTEMAS ELECTRONIC'),
(N'Automotive Lighting^MAGNETI MARELLI TOLUCA MEXICO S de','Automotive Lighting',N'MAGNETI MARELLI TOLUCA MEXICO S de'),
(N'Automotive Lighting^Malaysian Automotive Lighting Sdn.','Automotive Lighting',N'Malaysian Automotive Lighting Sdn.'),
(N'Automotive Lighting^Nanjing Sanming Trade Co., Ltd','Automotive Lighting',N'Nanjing Sanming Trade Co., Ltd'),
(N'Automotive Lighting^ORION Electronics Ltd.','Automotive Lighting',N'ORION Electronics Ltd.'),
(N'Automotive Lighting^Shanghai Sunlight OPTO Device Co., Ltd.','Automotive Lighting',N'Shanghai Sunlight OPTO Device Co., Ltd.'),
(N'Automotive Lighting^Sitronic GmbH & Co.KG','Automotive Lighting',N'Sitronic GmbH & Co.KG'),
(N'Automotive Lighting^Universal Global Technology','Automotive Lighting',N'Universal Global Technology'),
(N'Automotive Lighting^UNIVERSAL SCIENTIFIC INDUSTRIAL','Automotive Lighting',N'UNIVERSAL SCIENTIFIC INDUSTRIAL'),
(N'Automotive Lighting^ZES Zollner Electronic SRL','Automotive Lighting',N'ZES Zollner Electronic SRL'),
(N'Automotive Lighting^ZOLLNER ELECTRONIC KFT.','Automotive Lighting',N'ZOLLNER ELECTRONIC KFT.'),
(N'Automotive Lighting^Zollner Electronics Costa Rica Ltd','Automotive Lighting',N'Zollner Electronics Costa Rica Ltd'),
(N'Automotive Lighting^Zollner Elektronik AG','Automotive Lighting',N'Zollner Elektronik AG'),
(N'FEDERAL MOGUL^Federal Mogul Corp.','FEDERAL MOGUL',N'Federal Mogul Corp.'),
(N'FEDERAL MOGUL^FEDERAL MOGUL IND AUTOPECAS LTDA','FEDERAL MOGUL',N'FEDERAL MOGUL IND AUTOPECAS LTDA'),
(N'FEDERAL MOGUL^FEDERAL MOGUL IND DE AUTOPEÇAS LTDA','FEDERAL MOGUL',N'FEDERAL MOGUL IND DE AUTOPEÇAS LTDA'),
(N'Flex-N-Gate^FLEXNGATE BRASIL INDUSTRIAL LTDA','Flex-N-Gate',N'FLEXNGATE BRASIL INDUSTRIAL LTDA'),
(N'Flex-N-Gate^Future Electronics, Inc.','Flex-N-Gate',N'Future Electronics, Inc.'),
(N'Flex-N-Gate^SIIX U.S.A. Corporation','Flex-N-Gate',N'SIIX U.S.A. Corporation'),
(N'Flex-N-Gate^Ventra Grand Rapids 5, LLC.','Flex-N-Gate',N'Ventra Grand Rapids 5, LLC.'),
(N'Flex-N-Gate^Ventra Sandusky LLC','Flex-N-Gate',N'Ventra Sandusky LLC'),
(N'Hasco Vision^LASTER TECH CO., LTD','Hasco Vision',N'LASTER TECH CO., LTD'),
(N'Hasco Vision^Laster Tech Co., Ltd.','Hasco Vision',N'Laster Tech Co., Ltd.'),
(N'Hasco Vision^Shanghai Shunlai Industry-Trading','Hasco Vision',N'Shanghai Shunlai Industry-Trading'),
(N'Hasco Vision^Shanghai Shunlai Lighting Electric','Hasco Vision',N'Shanghai Shunlai Lighting Electric'),
(N'Hasco Vision^Xigesi Trading (Shanghai) Co., LTD','Hasco Vision',N'Xigesi Trading (Shanghai) Co., LTD'),
(N'Hella^AB Mikroelektronik GmbH','Hella',N'AB Mikroelektronik GmbH'),
(N'Hella^ASETRONICS AG','Hella',N'ASETRONICS AG'),
(N'Hella^BECOM Electronics GmbH','Hella',N'BECOM Electronics GmbH'),
(N'Hella^Beijing Deweitongzhi Trade Co., Ltd','Hella',N'Beijing Deweitongzhi Trade Co., Ltd'),
(N'Hella^Changchun Hella Automotive','Hella',N'Changchun Hella Automotive'),
(N'Hella^DELTEC Automotive GmbH & Co. KG','Hella',N'DELTEC Automotive GmbH & Co. KG'),
(N'Hella^ELRAD INTERNATIONAL D.O.O.','Hella',N'ELRAD INTERNATIONAL D.O.O.'),
(N'Hella^EOI(BVI)CO., LTD.','Hella',N'EOI(BVI)CO., LTD.'),
(N'Hella^GUREAK LANEAN, S.A','Hella',N'GUREAK LANEAN, S.A'),
(N'Hella^HELLA  ROMANIA S.R.L.','Hella',N'HELLA  ROMANIA S.R.L.'),
(N'Hella^HELLA (N.Z.) LTD','Hella',N'HELLA (N.Z.) LTD'),
(N'Hella^HELLA AUTOMOTIVE MEXICO SA DE CV','Hella',N'HELLA AUTOMOTIVE MEXICO SA DE CV'),
(N'Hella^HELLA AUTOTECHNIK NOVA S.R.O.','Hella',N'HELLA AUTOTECHNIK NOVA S.R.O.'),
(N'Hella^Hella Fahrzeugteile Austria GmbH','Hella',N'Hella Fahrzeugteile Austria GmbH'),
(N'Hella^HELLA GmbH & Co. KGaA','Hella',N'HELLA GmbH & Co. KGaA'),
(N'Hella^Hella Inc.','Hella',N'Hella Inc.'),
(N'Hella^HELLA INDIA LIGHTING LTD.','Hella',N'HELLA INDIA LIGHTING LTD.'),
(N'Hella^Hella Innenleuchten-Systeme GmbH','Hella',N'Hella Innenleuchten-Systeme GmbH'),
(N'Hella^Hella Lighting Finland Oy','Hella',N'Hella Lighting Finland Oy'),
(N'Hella^HELLA SATURNUS SLOVENIJA D.O.O.','Hella',N'HELLA SATURNUS SLOVENIJA D.O.O.'),
(N'Hella^Hella Slovakia Front Lighting S.R.O','Hella',N'Hella Slovakia Front Lighting S.R.O'),
(N'Hella^HELLA SLOVAKIA SIGNAL-LIGHTING','Hella',N'HELLA SLOVAKIA SIGNAL-LIGHTING'),
(N'Hella^Herkules-Resotec Electronik GmbH','Hella',N'Herkules-Resotec Electronik GmbH'),
(N'Hella^Indak Manufacturing Corporation','Hella',N'Indak Manufacturing Corporation'),
(N'Hella^INVISION SALES PTY LTD.','Hella',N'INVISION SALES PTY LTD.'),
(N'Hella^Jilin harmonious Yongsheng Vehicle','Hella',N'Jilin harmonious Yongsheng Vehicle'),
(N'Hella^Lite-On (Guangzhou) Automotive','Hella',N'Lite-On (Guangzhou) Automotive'),
(N'Hella^Lite-On Singapore Ptd. Ltd.','Hella',N'Lite-On Singapore Ptd. Ltd.'),
(N'Hella^LUMOTECH (PTY) LTD.','Hella',N'LUMOTECH (PTY) LTD.'),
(N'Hella^M.C.E. s.r.l.','Hella',N'M.C.E. s.r.l.'),
(N'Hella^MAESA SA','Hella',N'MAESA SA'),
(N'Hella^MOLEX LLC','Hella',N'MOLEX LLC'),
(N'Hella^Oechsler AG','Hella',N'Oechsler AG'),
(N'Hella^RJ Lasertechnik GmbH','Hella',N'RJ Lasertechnik GmbH'),
(N'Hella^SERO GmbH & Co. KG','Hella',N'SERO GmbH & Co. KG'),
(N'Hella^Shanghai Shunlai Lighting Electronics','Hella',N'Shanghai Shunlai Lighting Electronics'),
(N'Hella^Shanghai Sunlight OPTO Device Co., Ltd.','Hella',N'Shanghai Sunlight OPTO Device Co., Ltd.'),
(N'Hella^TECTRON GMBH','Hella',N'TECTRON GMBH'),
(N'Hella^ZOLLNER ELECTRONIC KFT.','Hella',N'ZOLLNER ELECTRONIC KFT.'),
(N'Hella^Zollner Elektronik AG','Hella',N'Zollner Elektronik AG'),
(N'JW Speaker^Future Electronics, Inc.','JW Speaker',N'Future Electronics, Inc.'),
(N'JW Speaker^JW Speaker Corp.','JW Speaker',N'JW Speaker Corp.'),
(N'Koito^CEMM THOME  SK Spol SRO','Koito',N'CEMM THOME  SK Spol SRO'),
(N'Koito^Falcon Manufacturing','Koito',N'Falcon Manufacturing'),
(N'Koito^GUANGZHOU KOITO AUTOMOTIVE','Koito',N'GUANGZHOU KOITO AUTOMOTIVE'),
(N'Koito^Hubei Xiaomi Light Co., LTD','Koito',N'Hubei Xiaomi Light Co., LTD'),
(N'Koito^Indak Manufacturing Corporation','Koito',N'Indak Manufacturing Corporation'),
(N'Koito^INDIA JAPAN LIGHTING PRIVATE LTD','Koito',N'INDIA JAPAN LIGHTING PRIVATE LTD'),
(N'Koito^INDIA JAPAN LIGHTING PVT LTD','Koito',N'INDIA JAPAN LIGHTING PVT LTD'),
(N'Koito^Kaga Electronics ( Thailand )','Koito',N'Kaga Electronics ( Thailand )'),
(N'Koito^Kaynes Technology India Pvt Limited','Koito',N'Kaynes Technology India Pvt Limited'),
(N'Koito^KOITO CZECH S.R.O.','Koito',N'KOITO CZECH S.R.O.'),
(N'Koito^KOITO EUROPE LTD','Koito',N'KOITO EUROPE LTD'),
(N'Koito^KOITO MANUFACTURING','Koito',N'KOITO MANUFACTURING'),
(N'Koito^Lite-On (Guangzhou) Automotive','Koito',N'Lite-On (Guangzhou) Automotive'),
(N'Koito^Lite-On Technology Corporation Kaohsiung','Koito',N'Lite-On Technology Corporation Kaohsiung'),
(N'Koito^Mektec Manufacturing','Koito',N'Mektec Manufacturing'),
(N'Koito^Nal do Brasil Industria e Comercio','Koito',N'Nal do Brasil Industria e Comercio'),
(N'Koito^North American Lighting','Koito',N'North American Lighting'),
(N'Koito^NORTH AMERICAN LIGHTING MEXICO','Koito',N'NORTH AMERICAN LIGHTING MEXICO'),
(N'Koito^QUAN MEI TECHNOLOGY CO., LTD','Koito',N'QUAN MEI TECHNOLOGY CO., LTD'),
(N'Koito^SIIX Bangkok Co.,Ltd.','Koito',N'SIIX Bangkok Co.,Ltd.'),
(N'Koito^SIIX EMS Slovakia s.r.o.','Koito',N'SIIX EMS Slovakia s.r.o.'),
(N'Koito^SIIX U.S.A. Corporation','Koito',N'SIIX U.S.A. Corporation'),
(N'Koito^Sumitronics USA, Inc','Koito',N'Sumitronics USA, Inc'),
(N'Koito^Ta Yih Industrial Co','Koito',N'Ta Yih Industrial Co'),
(N'Koito^Thai Koito Co., Ltd.','Koito',N'Thai Koito Co., Ltd.'),
(N'Koito^Thai Koito Co.,Ltd.','Koito',N'Thai Koito Co.,Ltd.'),
(N'Koito^TOYOTA TSUSHO EUROPE S.A.','Koito',N'TOYOTA TSUSHO EUROPE S.A.'),
(N'Koito^TYC','Koito',N'TYC'),
(N'Koito^UMC ELECTRONICS CO., LTD.','Koito',N'UMC ELECTRONICS CO., LTD.'),
(N'Koito^Xigesi Trading (Shanghai) Co., LTD','Koito',N'Xigesi Trading (Shanghai) Co., LTD'),
(N'LEAR^Lear Corporation GmbH','LEAR',N'Lear Corporation GmbH'),
(N'MAGNA^Autosystem Div of Magna Exteriors','MAGNA',N'Autosystem Div of Magna Exteriors'),
(N'MAGNA^AUTOSYSTEMS  (LED)','MAGNA',N'AUTOSYSTEMS  (LED)'),
(N'MAGNA^DECOFINMEX SA DE CV','MAGNA',N'DECOFINMEX SA DE CV'),
(N'MAGNA^EBW Electronics','MAGNA',N'EBW Electronics'),
(N'MAGNA^Future Electronics, Inc.','MAGNA',N'Future Electronics, Inc.'),
(N'MAGNA^MAGNA AUTOSYSTEMS','MAGNA',N'MAGNA AUTOSYSTEMS'),
(N'MAGNA^MAGNA SLOVTECA S.R.O.','MAGNA',N'MAGNA SLOVTECA S.R.O.'),
(N'MAGNA^Magna Spiegelsysteme GmbH','MAGNA',N'Magna Spiegelsysteme GmbH'),
(N'MAGNA^MOLEX LLC','MAGNA',N'MOLEX LLC'),
(N'MAGNA^Sumitronics USA, Inc','MAGNA',N'Sumitronics USA, Inc'),
(N'MAGNA^UNIVERSAL SCIENTIFIC INDUSTRIAL','MAGNA',N'UNIVERSAL SCIENTIFIC INDUSTRIAL'),
(N'MOBIS^Dreamtech','MOBIS',N'Dreamtech'),
(N'MOBIS^Hyundai I.H.L Coporation.co.Ltd','MOBIS',N'Hyundai I.H.L Coporation.co.Ltd'),
(N'MOBIS^Hyundai Mobis Mexico S de RL de CV','MOBIS',N'Hyundai Mobis Mexico S de RL de CV'),
(N'MOBIS^INNOREX TECHNOLOGIES','MOBIS',N'INNOREX TECHNOLOGIES'),
(N'MOBIS^KUMHO HT, INC','MOBIS',N'KUMHO HT, INC'),
(N'MOBIS^Mobis-Hyundai Co.LTD.','MOBIS',N'Mobis-Hyundai Co.LTD.'),
(N'MOBIS^Y.M.P. Co., Ltd','MOBIS',N'Y.M.P. Co., Ltd'),
(N'MOBIS^江苏富新商贸有限公司','MOBIS',N'江苏富新商贸有限公司'),
(N'No Key Account^3.Ausland F&A','No Key Account',N'3.Ausland F&A'),
(N'No Key Account^Advantage Engineering','No Key Account',N'Advantage Engineering'),
(N'No Key Account^AES Automotive Inc','No Key Account',N'AES Automotive Inc'),
(N'No Key Account^ALI','No Key Account',N'ALI'),
(N'No Key Account^ALTEK','No Key Account',N'ALTEK'),
(N'No Key Account^AMS Co., Ltd.','No Key Account',N'AMS Co., Ltd.'),
(N'No Key Account^Atressa Automotive Factory, S.A.','No Key Account',N'Atressa Automotive Factory, S.A.'),
(N'No Key Account^Automotive Lighting LLC','No Key Account',N'Automotive Lighting LLC'),
(N'No Key Account^Avnet Europe Comm. VA (Division Sil','No Key Account',N'Avnet Europe Comm. VA (Division Sil'),
(N'No Key Account^Baja Design, Inc.','No Key Account',N'Baja Design, Inc.'),
(N'No Key Account^BEE LIGHTING LTD','No Key Account',N'BEE LIGHTING LTD'),
(N'No Key Account^Beijing Deweitongzhi Trade Co., Ltd','No Key Account',N'Beijing Deweitongzhi Trade Co., Ltd'),
(N'No Key Account^BITRON POLAND Sp. z o.o.','No Key Account',N'BITRON POLAND Sp. z o.o.'),
(N'No Key Account^BSP Corporation','No Key Account',N'BSP Corporation'),
(N'No Key Account^CEM Electromech Pvt. Ltd','No Key Account',N'CEM Electromech Pvt. Ltd'),
(N'No Key Account^Chongqing Jiali Bridge Lighting Co.,Ltd.','No Key Account',N'Chongqing Jiali Bridge Lighting Co.,Ltd.'),
(N'No Key Account^Chongqing Zexiang Trade Co., Ltd','No Key Account',N'Chongqing Zexiang Trade Co., Ltd'),
(N'No Key Account^Clark Material','No Key Account',N'Clark Material'),
(N'No Key Account^CONG TY TNHH SAN XUAT TAN PHAT(TAFACO)','No Key Account',N'CONG TY TNHH SAN XUAT TAN PHAT(TAFACO)'),
(N'No Key Account^CONG TY TNHH TRIOM VIET NAM','No Key Account',N'CONG TY TNHH TRIOM VIET NAM'),
(N'No Key Account^CPD Debitoren Inland','No Key Account',N'CPD Debitoren Inland'),
(N'No Key Account^DAF CAMINHÕES BRASIL INDÚSTRIA LTDA','No Key Account',N'DAF CAMINHÕES BRASIL INDÚSTRIA LTDA'),
(N'No Key Account^DAIWA MOTOR CORPORATION','No Key Account',N'DAIWA MOTOR CORPORATION'),
(N'No Key Account^DELVIS products GmbH','No Key Account',N'DELVIS products GmbH'),
(N'No Key Account^Deport','No Key Account',N'Deport'),
(N'No Key Account^Dew Electronics','No Key Account',N'Dew Electronics'),
(N'No Key Account^DEW ELECTRONICS & ELECTRICALS','No Key Account',N'DEW ELECTRONICS & ELECTRICALS'),
(N'No Key Account^DR. FISCHER VERTRIEBS GMBH','No Key Account',N'DR. FISCHER VERTRIEBS GMBH'),
(N'No Key Account^ECIE SRL','No Key Account',N'ECIE SRL'),
(N'No Key Account^Electrica Engineers India Pvt. Ltd.','No Key Account',N'Electrica Engineers India Pvt. Ltd.'),
(N'No Key Account^Empire Electronics','No Key Account',N'Empire Electronics'),
(N'No Key Account^EOI(BVI)CO., LTD.','No Key Account',N'EOI(BVI)CO., LTD.'),
(N'No Key Account^EXCELLENCE OPTO.INC.','No Key Account',N'EXCELLENCE OPTO.INC.'),
(N'No Key Account^FAROIS VINCO IND E COM LTDA','No Key Account',N'FAROIS VINCO IND E COM LTDA'),
(N'No Key Account^FEP Fahrzeugelektrik Pirna','No Key Account',N'FEP Fahrzeugelektrik Pirna'),
(N'No Key Account^FIEM INDUSTRIES Ltd','No Key Account',N'FIEM INDUSTRIES Ltd'),
(N'No Key Account^FLEXNGATE BRASIL INDUSTRIAL LTDA','No Key Account',N'FLEXNGATE BRASIL INDUSTRIAL LTDA'),
(N'No Key Account^Flextronics Technologies','No Key Account',N'Flextronics Technologies'),
(N'No Key Account^Fu An Industrial Co.','No Key Account',N'Fu An Industrial Co.'),
(N'No Key Account^Fu-An Opto.','No Key Account',N'Fu-An Opto.'),
(N'No Key Account^Future Electronics, Inc.','No Key Account',N'Future Electronics, Inc.'),
(N'No Key Account^GENERAL MOTORS DO BRASIL LTDA','No Key Account',N'GENERAL MOTORS DO BRASIL LTDA'),
(N'No Key Account^GENESIS DEVICES E EQUI. IND. E COM.','No Key Account',N'GENESIS DEVICES E EQUI. IND. E COM.'),
(N'No Key Account^GOLIGHT INC.','No Key Account',N'GOLIGHT INC.'),
(N'No Key Account^Grace Bright Enterprise Ltd.','No Key Account',N'Grace Bright Enterprise Ltd.'),
(N'No Key Account^Grakon, LLC','No Key Account',N'Grakon, LLC'),
(N'No Key Account^HAKOH CO.,LTD','No Key Account',N'HAKOH CO.,LTD'),
(N'No Key Account^Hamsar Diversco','No Key Account',N'Hamsar Diversco'),
(N'No Key Account^HIYORI INDUSTRIES SDN BHD','No Key Account',N'HIYORI INDUSTRIES SDN BHD'),
(N'No Key Account^Hualun Electric Wuhan Co.,Ltd','No Key Account',N'Hualun Electric Wuhan Co.,Ltd'),
(N'No Key Account^Huanxu Electronics Co.Ltd','No Key Account',N'Huanxu Electronics Co.Ltd'),
(N'No Key Account^Huf do Brasil Ltda','No Key Account',N'Huf do Brasil Ltda'),
(N'No Key Account^Ilheung Co., LTD.','No Key Account',N'Ilheung Co., LTD.'),
(N'No Key Account^Indak Manufacturing Corporation','No Key Account',N'Indak Manufacturing Corporation'),
(N'No Key Account^INDUSTRIA ARTEB S A','No Key Account',N'INDUSTRIA ARTEB S A'),
(N'No Key Account^INDUSTRIA AUTO METALURGICA S A','No Key Account',N'INDUSTRIA AUTO METALURGICA S A'),
(N'No Key Account^Industrias Arteb Ltda','No Key Account',N'Industrias Arteb Ltda'),
(N'No Key Account^INDUSTRIAS ARTEB SA','No Key Account',N'INDUSTRIAS ARTEB SA'),
(N'No Key Account^Infopower Technologies Ltd','No Key Account',N'Infopower Technologies Ltd'),
(N'No Key Account^INTERFACE MICROSYSTEMS','No Key Account',N'INTERFACE MICROSYSTEMS'),
(N'No Key Account^INTOPS','No Key Account',N'INTOPS'),
(N'No Key Account^Jebsen Automotive Technik Co.,Ltd.','No Key Account',N'Jebsen Automotive Technik Co.,Ltd.'),
(N'No Key Account^Jiangsu Fuxin Electronic Lighting','No Key Account',N'Jiangsu Fuxin Electronic Lighting'),
(N'No Key Account^Jiangsu Fuxin Trade Co.Ltd.','No Key Account',N'Jiangsu Fuxin Trade Co.Ltd.'),
(N'No Key Account^Jinan Yeyi Commercial & Trading','No Key Account',N'Jinan Yeyi Commercial & Trading'),
(N'No Key Account^JOAO GUILHERME SONEGO','No Key Account',N'JOAO GUILHERME SONEGO'),
(N'No Key Account^Juliana Gubel','No Key Account',N'Juliana Gubel'),
(N'No Key Account^JUTE INDUSTRIAL CO.,LTD.','No Key Account',N'JUTE INDUSTRIAL CO.,LTD.'),
(N'No Key Account^JW Speaker Corp.','No Key Account',N'JW Speaker Corp.'),
(N'No Key Account^K.C. HiLites','No Key Account',N'K.C. HiLites'),
(N'No Key Account^Kaynes Technology India Pvt Ltd','No Key Account',N'Kaynes Technology India Pvt Ltd'),
(N'No Key Account^KEEPERTECH Technology Co., LTD','No Key Account',N'KEEPERTECH Technology Co., LTD'),
(N'No Key Account^KOSTAL MEXICANA SA DE CV','No Key Account',N'KOSTAL MEXICANA SA DE CV'),
(N'No Key Account^KT NETWORK Co., LTD','No Key Account',N'KT NETWORK Co., LTD'),
(N'No Key Account^KTM AG','No Key Account',N'KTM AG'),
(N'No Key Account^KTM SPORTMOTORCYCLE AG','No Key Account',N'KTM SPORTMOTORCYCLE AG'),
(N'No Key Account^KUMAP Co.,Ltd','No Key Account',N'KUMAP Co.,Ltd'),
(N'No Key Account^LED Litek','No Key Account',N'LED Litek'),
(N'No Key Account^LEONI WIRING SYSTEMS EGYPT SAE','No Key Account',N'LEONI WIRING SYSTEMS EGYPT SAE'),
(N'No Key Account^Lite-On (Guangzhou) Automotive','No Key Account',N'Lite-On (Guangzhou) Automotive'),
(N'No Key Account^Lite-On Technology Corporation Kaohsiung','No Key Account',N'Lite-On Technology Corporation Kaohsiung'),
(N'No Key Account^Long fon','No Key Account',N'Long fon'),
(N'No Key Account^LUMAX INDUSTRIES Ltd','No Key Account',N'LUMAX INDUSTRIES Ltd'),
(N'No Key Account^Lumileds India Pvt Ltd','No Key Account',N'Lumileds India Pvt Ltd'),
(N'No Key Account^Marcos Roberto Guerreiro','No Key Account',N'Marcos Roberto Guerreiro'),
(N'No Key Account^Mecatronics Solutions Sistemas','No Key Account',N'Mecatronics Solutions Sistemas'),
(N'No Key Account^MIKROTECH SERVICES','No Key Account',N'MIKROTECH SERVICES'),
(N'No Key Account^MINDA INDUSTRIES Ltd','No Key Account',N'MINDA INDUSTRIES Ltd'),
(N'No Key Account^MOLEX LLC','No Key Account',N'MOLEX LLC'),
(N'No Key Account^Myotek North America','No Key Account',N'Myotek North America'),
(N'No Key Account^NAL do Brasil Ind  Com de Component','No Key Account',N'NAL do Brasil Ind  Com de Component'),
(N'No Key Account^Nanjing Guojie Industry And','No Key Account',N'Nanjing Guojie Industry And'),
(N'No Key Account^Nanjing Sanming Trade Co., Ltd','No Key Account',N'Nanjing Sanming Trade Co., Ltd'),
(N'No Key Account^NIFCO Korea','No Key Account',N'NIFCO Korea'),
(N'No Key Account^NISSAN MOTOR CO.,LTD DESIGN Dept.','No Key Account',N'NISSAN MOTOR CO.,LTD DESIGN Dept.'),
(N'No Key Account^Novita Technologies','No Key Account',N'Novita Technologies'),
(N'No Key Account^Olsa Poland Sp. z o.o','No Key Account',N'Olsa Poland Sp. z o.o'),
(N'No Key Account^OLSA SPA','No Key Account',N'OLSA SPA'),
(N'No Key Account^One time customer (domestic)','No Key Account',N'One time customer (domestic)'),
(N'No Key Account^One time customer (foreign)','No Key Account',N'One time customer (foreign)'),
(N'No Key Account^ONE TIME PARTY GERMANY','No Key Account',N'ONE TIME PARTY GERMANY'),
(N'No Key Account^ONE TIME PARTY ITALY','No Key Account',N'ONE TIME PARTY ITALY'),
(N'No Key Account^ONE TIME PARTY JAPAN','No Key Account',N'ONE TIME PARTY JAPAN'),
(N'No Key Account^ONE TIME PARTY OVERSEAS','No Key Account',N'ONE TIME PARTY OVERSEAS'),
(N'No Key Account^ONE TIME PARTY BULGARIA','No Key Account',N'ONE TIME PARTY BULGARIA'),
(N'No Key Account^ONE TIME PARTY CZECHIA','No Key Account',N'ONE TIME PARTY CZECHIA'),
(N'No Key Account^ONE TIME PARTY TURKEY','No Key Account',N'ONE TIME PARTY TURKEY'),
(N'No Key Account^ORION Electronics Ltd.','No Key Account',N'ORION Electronics Ltd.'),
(N'No Key Account^Panasonic Corporation','No Key Account',N'Panasonic Corporation'),
(N'No Key Account^Philips Lighting','No Key Account',N'Philips Lighting'),
(N'No Key Account^PLASCAR INDUSTRIA DE COMPONENTES','No Key Account',N'PLASCAR INDUSTRIA DE COMPONENTES'),
(N'No Key Account^PT. GROKINDO','No Key Account',N'PT. GROKINDO'),
(N'No Key Account^Pusan plastic Co.LTD.','No Key Account',N'Pusan plastic Co.LTD.'),
(N'No Key Account^QUAN MEI TECHNOLOGY CO., LTD','No Key Account',N'QUAN MEI TECHNOLOGY CO., LTD'),
(N'No Key Account^REDEN a.s.','No Key Account',N'REDEN a.s.'),
(N'No Key Account^RINDER INDIA PVT Ltd','No Key Account',N'RINDER INDIA PVT Ltd'),
(N'No Key Account^RINDER INDIA PVT. LTD.','No Key Account',N'RINDER INDIA PVT. LTD.'),
(N'No Key Account^RINDER RIDUCO S.A.S.','No Key Account',N'RINDER RIDUCO S.A.S.'),
(N'No Key Account^S.C. ELBA S.A.','No Key Account',N'S.C. ELBA S.A.'),
(N'No Key Account^Sekwang Electron','No Key Account',N'Sekwang Electron'),
(N'No Key Account^Seohae IND Co., LTD','No Key Account',N'Seohae IND Co., LTD'),
(N'No Key Account^Sewoon','No Key Account',N'Sewoon'),
(N'No Key Account^Shanghai Guangdun automotive electronics','No Key Account',N'Shanghai Guangdun automotive electronics'),
(N'No Key Account^Shanghai Huafei Lighting Electric','No Key Account',N'Shanghai Huafei Lighting Electric'),
(N'No Key Account^Shanghai Shunlai Lighting Electric','No Key Account',N'Shanghai Shunlai Lighting Electric'),
(N'No Key Account^Shanghai Sunlight OPTO Device Co., Ltd.','No Key Account',N'Shanghai Sunlight OPTO Device Co., Ltd.'),
(N'No Key Account^Shanghai Zhongxiong Automobile','No Key Account',N'Shanghai Zhongxiong Automobile'),
(N'No Key Account^Shenzhen Hongren technical','No Key Account',N'Shenzhen Hongren technical'),
(N'No Key Account^SIAN - SISTEMAS DE ILUMINACAO','No Key Account',N'SIAN - SISTEMAS DE ILUMINACAO'),
(N'No Key Account^SIIX U.S.A. Corporation','No Key Account',N'SIIX U.S.A. Corporation'),
(N'No Key Account^Sinwoo Electric Co.LTD.','No Key Account',N'Sinwoo Electric Co.LTD.'),
(N'No Key Account^Sluzba Nitra, s.r.o.','No Key Account',N'Sluzba Nitra, s.r.o.'),
(N'No Key Account^SMR Automotive Mirror','No Key Account',N'SMR Automotive Mirror'),
(N'No Key Account^SMR Automotive Systems USA','No Key Account',N'SMR Automotive Systems USA'),
(N'No Key Account^Streamlight Inc.','No Key Account',N'Streamlight Inc.'),
(N'No Key Account^SUMIDA COMPONENTS & MODULES','No Key Account',N'SUMIDA COMPONENTS & MODULES'),
(N'No Key Account^Sungbo Automotive Co.,Ltd','No Key Account',N'Sungbo Automotive Co.,Ltd'),
(N'No Key Account^SURFACE TECHNOLOGY INTERNATIONAL','No Key Account',N'SURFACE TECHNOLOGY INTERNATIONAL'),
(N'No Key Account^SWARCO FUTURIT VERK.SIGN.SYST.GMBH','No Key Account',N'SWARCO FUTURIT VERK.SIGN.SYST.GMBH'),
(N'No Key Account^Ta Yih Industrial Co','No Key Account',N'Ta Yih Industrial Co'),
(N'No Key Account^TOSHIBA LIGHTING & TECHNOLOGY','No Key Account',N'TOSHIBA LIGHTING & TECHNOLOGY'),
(N'No Key Account^TRC COMPONENTES ELETRICOS LTDA','No Key Account',N'TRC COMPONENTES ELETRICOS LTDA'),
(N'No Key Account^TWOSUN ENG','No Key Account',N'TWOSUN ENG'),
(N'No Key Account^TYC','No Key Account',N'TYC'),
(N'No Key Account^UM AUTOCOMP PRIVATE LIMITED','No Key Account',N'UM AUTOCOMP PRIVATE LIMITED'),
(N'No Key Account^UNITECH MACHINES LIMITED','No Key Account',N'UNITECH MACHINES LIMITED'),
(N'No Key Account^Unitech Machines Ltd UnitIII','No Key Account',N'Unitech Machines Ltd UnitIII'),
(N'No Key Account^UTAC CENTRE D''ESSAIS','No Key Account',N'UTAC CENTRE D''ESSAIS'),
(N'No Key Account^UTAS Nova Design & Engineering NA','No Key Account',N'UTAS Nova Design & Engineering NA'),
(N'No Key Account^VALEO LIGHTING SYSTEMS INDIA','No Key Account',N'VALEO LIGHTING SYSTEMS INDIA'),
(N'No Key Account^VITEC GLOBAL ELECTRONICS CO., LTD.','No Key Account',N'VITEC GLOBAL ELECTRONICS CO., LTD.'),
(N'No Key Account^Vivek Kumar Sharma','No Key Account',N'Vivek Kumar Sharma'),
(N'No Key Account^VOSLA GmbH','No Key Account',N'VOSLA GmbH'),
(N'No Key Account^WELCON INDUSTRIA METALURGICA LTDA','No Key Account',N'WELCON INDUSTRIA METALURGICA LTDA'),
(N'No Key Account^WIPAC LTD','No Key Account',N'WIPAC LTD'),
(N'No Key Account^Woojin Jeonzang','No Key Account',N'Woojin Jeonzang'),
(N'No Key Account^Wu Xi Shi Dai Rui Dei Trading Co.,Ltd','No Key Account',N'Wu Xi Shi Dai Rui Dei Trading Co.,Ltd'),
(N'No Key Account^XPO LOGISTICS WORLDWIDE (THAILAND)','No Key Account',N'XPO LOGISTICS WORLDWIDE (THAILAND)'),
(N'No Key Account^Yantai Naite Trade&Service Co.,Ltd','No Key Account',N'Yantai Naite Trade&Service Co.,Ltd'),
(N'No Key Account^Yeonhan Industry Corporation','No Key Account',N'Yeonhan Industry Corporation'),
(N'No Key Account^YUWON','No Key Account',N'YUWON'),
(N'No Key Account^ZHEJIANG JIALI INDUSTRY CO.,LTD','No Key Account',N'ZHEJIANG JIALI INDUSTRY CO.,LTD'),
(N'No Key Account^Zhejiang Jiali(Lishui) Industry Crop.','No Key Account',N'Zhejiang Jiali(Lishui) Industry Crop.'),
(N'No Key Account^Zollner Electronics Costa Rica Ltd','No Key Account',N'Zollner Electronics Costa Rica Ltd'),
(N'No Key Account^Zu Yih Technology Co','No Key Account',N'Zu Yih Technology Co'),
(N'No Key Account^广东嘉利车灯有限公司','No Key Account',N'广东嘉利车灯有限公司'),
(N'Not assigned^-','Not assigned',N'-'),
(N'Not assigned^AMPAS INDUSTRIES CO.,LTD.','Not assigned',N'AMPAS INDUSTRIES CO.,LTD.'),
(N'Not assigned^CAF Korea Co., Ltd.','Not assigned',N'CAF Korea Co., Ltd.'),
(N'Not assigned^Chinakhor electronic system','Not assigned',N'Chinakhor electronic system'),
(N'Not assigned^Foshan Ichikoh Valeo','Not assigned',N'Foshan Ichikoh Valeo'),
(N'Not assigned^Great Wall Motors','Not assigned',N'Great Wall Motors'),
(N'Not assigned^JAY INDUSTRIES','Not assigned',N'JAY INDUSTRIES'),
(N'Not assigned^LUMENS Korea CO.,LTD.','Not assigned',N'LUMENS Korea CO.,LTD.'),
(N'Not assigned^Nanjing Guojie Industry And','Not assigned',N'Nanjing Guojie Industry And'),
(N'Not assigned^Not assigned','Not assigned',N'Not assigned'),
(N'Not assigned^ONE TIME PARTY FINLAND','Not assigned',N'ONE TIME PARTY FINLAND'),
(N'Not assigned^UM AUTOCOMP PRIVATE LIMITED','Not assigned',N'UM AUTOCOMP PRIVATE LIMITED'),
(N'ODELO / BAYRAKTARLAR^Adval Tech (Hungary) Plant 2 Kft.','ODELO / BAYRAKTARLAR',N'Adval Tech (Hungary) Plant 2 Kft.'),
(N'ODELO / BAYRAKTARLAR^Aygersan','ODELO / BAYRAKTARLAR',N'Aygersan'),
(N'ODELO / BAYRAKTARLAR^FARBA OTOMOTIV AYDINLATMA','ODELO / BAYRAKTARLAR',N'FARBA OTOMOTIV AYDINLATMA'),
(N'ODELO / BAYRAKTARLAR^Flextronics International KFT','ODELO / BAYRAKTARLAR',N'Flextronics International KFT'),
(N'ODELO / BAYRAKTARLAR^Häberle Laser- u. Feinwerktechnik','ODELO / BAYRAKTARLAR',N'Häberle Laser- u. Feinwerktechnik'),
(N'ODELO / BAYRAKTARLAR^Nanjing Sanming Trade Co., Ltd','ODELO / BAYRAKTARLAR',N'Nanjing Sanming Trade Co., Ltd'),
(N'ODELO / BAYRAKTARLAR^odelo Deutschland GmbH','ODELO / BAYRAKTARLAR',N'odelo Deutschland GmbH'),
(N'ODELO / BAYRAKTARLAR^odelo GmbH','ODELO / BAYRAKTARLAR',N'odelo GmbH'),
(N'ODELO / BAYRAKTARLAR^odelo Slovenija d.o.o.','ODELO / BAYRAKTARLAR',N'odelo Slovenija d.o.o.'),
(N'ODELO / BAYRAKTARLAR^SG Automotive d.o.o.','ODELO / BAYRAKTARLAR',N'SG Automotive d.o.o.'),
(N'ODELO / BAYRAKTARLAR^Videoton Autoelektronika Kft','ODELO / BAYRAKTARLAR',N'Videoton Autoelektronika Kft'),
(N'ODELO / BAYRAKTARLAR^VLE Elektronik Otomotiv San. ve Tic','ODELO / BAYRAKTARLAR',N'VLE Elektronik Otomotiv San. ve Tic'),
(N'ODELO / BAYRAKTARLAR^VTQ Videotronik GmbH','ODELO / BAYRAKTARLAR',N'VTQ Videotronik GmbH'),
(N'PLL (incl. Future)^ARROW ELECTRONICS, INC','PLL (incl. Future)',N'ARROW ELECTRONICS, INC'),
(N'PLL (incl. Future)^Fujitsu Electronics Inc.','PLL (incl. Future)',N'Fujitsu Electronics Inc.'),
(N'PLL (incl. Future)^Future Electronics','PLL (incl. Future)',N'Future Electronics'),
(N'PLL (incl. Future)^Future Electronics, Inc.','PLL (incl. Future)',N'Future Electronics, Inc.'),
(N'PLL (incl. Future)^Future Singapore','PLL (incl. Future)',N'Future Singapore'),
(N'PLL (incl. Future)^HANA Microelectronics','PLL (incl. Future)',N'HANA Microelectronics'),
(N'PLL (incl. Future)^LASTER TECH CO., LTD','PLL (incl. Future)',N'LASTER TECH CO., LTD'),
(N'PLL (incl. Future)^Marubeni Metals Corporation','PLL (incl. Future)',N'Marubeni Metals Corporation'),
(N'PLL (incl. Future)^Mouser','PLL (incl. Future)',N'Mouser'),
(N'PLL (incl. Future)^Not assigned','PLL (incl. Future)',N'Not assigned'),
(N'PLL (incl. Future)^ONE TIME PARTY BRAZIL','PLL (incl. Future)',N'ONE TIME PARTY BRAZIL'),
(N'PLL (incl. Future)^ONE TIME PARTY CHINA','PLL (incl. Future)',N'ONE TIME PARTY CHINA'),
(N'PLL (incl. Future)^ONE TIME PARTY JAPAN','PLL (incl. Future)',N'ONE TIME PARTY JAPAN'),
(N'PLL (incl. Future)^ONE TIME PARTY KOREA, REPUBLIC OF','PLL (incl. Future)',N'ONE TIME PARTY KOREA, REPUBLIC OF'),
(N'PLL (incl. Future)^ONE TIME PARTY OVERSEAS','PLL (incl. Future)',N'ONE TIME PARTY OVERSEAS'),
(N'PLL (incl. Future)^ONE TIME PARTY SINGAPORE','PLL (incl. Future)',N'ONE TIME PARTY SINGAPORE'),
(N'PLL (incl. Future)^ONE TIME PARTY UNITED STATES','PLL (incl. Future)',N'ONE TIME PARTY UNITED STATES'),
(N'PLL (incl. Future)^ONE TIME PARTY MEXICO','PLL (incl. Future)',N'ONE TIME PARTY MEXICO'),
(N'PLL (incl. Future)^Philips India Limited','PLL (incl. Future)',N'Philips India Limited'),
(N'SL Corporation^Beijing Deweitongzhi Trade Co., Ltd','SL Corporation',N'Beijing Deweitongzhi Trade Co., Ltd'),
(N'SL Corporation^Daiha Company','SL Corporation',N'Daiha Company'),
(N'SL Corporation^Empire Electronics','SL Corporation',N'Empire Electronics'),
(N'SL Corporation^HSL Electronics Corporation','SL Corporation',N'HSL Electronics Corporation'),
(N'SL Corporation^Hualun Electric Wuhan Co.,Ltd','SL Corporation',N'Hualun Electric Wuhan Co.,Ltd'),
(N'SL Corporation^KUMHO HT, INC','SL Corporation',N'KUMHO HT, INC'),
(N'SL Corporation^LED Litek','SL Corporation',N'LED Litek'),
(N'SL Corporation^Novita Technologies','SL Corporation',N'Novita Technologies'),
(N'SL Corporation^Sinwoo Electric Co.LTD.','SL Corporation',N'Sinwoo Electric Co.LTD.'),
(N'SL Corporation^SL Corporation-JINRYANG','SL Corporation',N'SL Corporation-JINRYANG'),
(N'SL Corporation^SL Corporation-Sungsan','SL Corporation',N'SL Corporation-Sungsan'),
(N'SL Corporation^SL Lighting Corporation','SL Corporation',N'SL Lighting Corporation'),
(N'SL Corporation^SL Lighttech Corporation','SL Corporation',N'SL Lighttech Corporation'),
(N'SL Corporation^SL LUMAX LIMITED','SL Corporation',N'SL LUMAX LIMITED'),
(N'SL Corporation^SL Mirrortech','SL Corporation',N'SL Mirrortech'),
(N'SL Corporation^SL Seobong Corporation','SL Corporation',N'SL Seobong Corporation'),
(N'SL Corporation^SL Tennessee, LLC','SL Corporation',N'SL Tennessee, LLC'),
(N'SL Corporation^SL-Alabama','SL Corporation',N'SL-Alabama'),
(N'SL Corporation^Yantai Naite Trade&Service Co.,Ltd','SL Corporation',N'Yantai Naite Trade&Service Co.,Ltd'),
(N'Stanley^Deport','Stanley',N'Deport'),
(N'Stanley^Empire Electronics','Stanley',N'Empire Electronics'),
(N'Stanley^Guangzhou Stanley Electric Co.,ltd','Stanley',N'Guangzhou Stanley Electric Co.,ltd'),
(N'Stanley^II Stanley Co. Inc.','Stanley',N'II Stanley Co. Inc.'),
(N'Stanley^INTERFACE MICROSYSTEMS','Stanley',N'INTERFACE MICROSYSTEMS'),
(N'Stanley^LUMAX ANCILLARY LIMITED','Stanley',N'LUMAX ANCILLARY LIMITED'),
(N'Stanley^LUMAX AUTO TECHNOLOGIES LIMITED','Stanley',N'LUMAX AUTO TECHNOLOGIES LIMITED'),
(N'Stanley^Lumax Auto Technologies Ltd.','Stanley',N'Lumax Auto Technologies Ltd.'),
(N'Stanley^Lumax Industries limited','Stanley',N'Lumax Industries limited'),
(N'Stanley^LUMAX INDUSTRIES LIMITED -DHARUHERA','Stanley',N'LUMAX INDUSTRIES LIMITED -DHARUHERA'),
(N'Stanley^LUMAX INDUSTRIES Ltd','Stanley',N'LUMAX INDUSTRIES Ltd'),
(N'Stanley^MIKROTECH SERVICES','Stanley',N'MIKROTECH SERVICES'),
(N'Stanley^Sea Link International','Stanley',N'Sea Link International'),
(N'Stanley^SIIX EMS Slovakia s.r.o.','Stanley',N'SIIX EMS Slovakia s.r.o.'),
(N'Stanley^Stanley Electric','Stanley',N'Stanley Electric'),
(N'Stanley^STANLEY ELECTRIC (ASIA PACIFIC) LTD','Stanley',N'STANLEY ELECTRIC (ASIA PACIFIC) LTD'),
(N'Stanley^STANLEY ELECTRIC CO.','Stanley',N'STANLEY ELECTRIC CO.'),
(N'Stanley^STANLEY ELECTRIC DO BRASIL LTDA','Stanley',N'STANLEY ELECTRIC DO BRASIL LTDA'),
(N'Stanley^STANLEY ELECTRIC HUNGARY KFT.','Stanley',N'STANLEY ELECTRIC HUNGARY KFT.'),
(N'Stanley^Stanley Electric Manufacturing','Stanley',N'Stanley Electric Manufacturing'),
(N'Stanley^Stanley Electric(Asia Pacific)','Stanley',N'Stanley Electric(Asia Pacific)'),
(N'Stanley^Thai Stanley Electric Plc.','Stanley',N'Thai Stanley Electric Plc.'),
(N'Stanley^Tianjin Stanley Electric Co.,ltd.','Stanley',N'Tianjin Stanley Electric Co.,ltd.'),
(N'Stanley^Tianjin Xinzhengguangyuan Trading','Stanley',N'Tianjin Xinzhengguangyuan Trading'),
(N'Stanley^Vietnam Stanley Electric Co., Ltd','Stanley',N'Vietnam Stanley Electric Co., Ltd'),
(N'Stanley^Wuhan Stanley Electronics Co.,Ltd','Stanley',N'Wuhan Stanley Electronics Co.,Ltd'),
(N'Truck lite^Rebo Lighting Electronics GmbH','Truck lite',N'Rebo Lighting Electronics GmbH'),
(N'Truck lite^Truck-Lite','Truck lite',N'Truck-Lite'),
(N'Truck lite^Truck-Lite Europe GmbH','Truck lite',N'Truck-Lite Europe GmbH'),
(N'Valeo^CEMM THOME  SK Spol SRO','Valeo',N'CEMM THOME  SK Spol SRO'),
(N'Valeo^CIBIE ARGENTINA S.A.','Valeo',N'CIBIE ARGENTINA S.A.'),
(N'Valeo^Fabrinet Co.,Ltd.','Valeo',N'Fabrinet Co.,Ltd.'),
(N'Valeo^Foshan Ichikoh Valeo Auto','Valeo',N'Foshan Ichikoh Valeo Auto'),
(N'Valeo^GRUPO ANTOLIN BESANÇON','Valeo',N'GRUPO ANTOLIN BESANÇON'),
(N'Valeo^ICHIKOH INDUSTRIES (Thailand)','Valeo',N'ICHIKOH INDUSTRIES (Thailand)'),
(N'Valeo^ICHIKOH INDUSTRIES,L','Valeo',N'ICHIKOH INDUSTRIES,L'),
(N'Valeo^ICHIKOH(MALAYSIA) SDN. BHD.','Valeo',N'ICHIKOH(MALAYSIA) SDN. BHD.'),
(N'Valeo^Integrated Micro-Electronics','Valeo',N'Integrated Micro-Electronics'),
(N'Valeo^Jabil Circuit (Guangzhou) Co., LTD','Valeo',N'Jabil Circuit (Guangzhou) Co., LTD'),
(N'Valeo^Jabil Circuit Hungary Ltd.','Valeo',N'Jabil Circuit Hungary Ltd.'),
(N'Valeo^LACROIX ELECTRONICS Sp. z o.o.','Valeo',N'LACROIX ELECTRONICS Sp. z o.o.'),
(N'Valeo^LIFE ELEX INC.','Valeo',N'LIFE ELEX INC.'),
(N'Valeo^Lite-On (Guangzhou) Automotive','Valeo',N'Lite-On (Guangzhou) Automotive'),
(N'Valeo^MSL CIRCUITS','Valeo',N'MSL CIRCUITS'),
(N'Valeo^Shenyang Valeo Auto Lighting Co.,Ltd.','Valeo',N'Shenyang Valeo Auto Lighting Co.,Ltd.'),
(N'Valeo^SIIX Corporation','Valeo',N'SIIX Corporation'),
(N'Valeo^TIS Circuits','Valeo',N'TIS Circuits'),
(N'Valeo^Universal Global Technology','Valeo',N'Universal Global Technology'),
(N'Valeo^UNIVERSAL SCIENTIFIC INDUSTRIAL','Valeo',N'UNIVERSAL SCIENTIFIC INDUSTRIAL'),
(N'Valeo^VALEO AUTOSYSTEMY SP. Z.O.O.','Valeo',N'VALEO AUTOSYSTEMY SP. Z.O.O.'),
(N'Valeo^Valeo Ichikoh(China) Auto lighting','Valeo',N'Valeo Ichikoh(China) Auto lighting'),
(N'Valeo^Valeo Iluminación S.A.','Valeo',N'Valeo Iluminación S.A.'),
(N'Valeo^VALEO ILUMINACION SAU','Valeo',N'VALEO ILUMINACION SAU'),
(N'Valeo^Valeo Lighting Injection S.A.','Valeo',N'Valeo Lighting Injection S.A.'),
(N'Valeo^VALEO NORTH AMERICA INC','Valeo',N'VALEO NORTH AMERICA INC'),
(N'Valeo^VALEO SISTEMAS AUTOMOTIVOS LTDA','Valeo',N'VALEO SISTEMAS AUTOMOTIVOS LTDA'),
(N'Valeo^VALEO SPA','Valeo',N'VALEO SPA'),
(N'Valeo^Valeo Sylvania','Valeo',N'Valeo Sylvania'),
(N'Valeo^VALEO VISION Belgique S.A.','Valeo',N'VALEO VISION Belgique S.A.'),
(N'Valeo^VALEO VISION BLOIS','Valeo',N'VALEO VISION BLOIS'),
(N'Valeo^VALEO VISION FRANCE SAS','Valeo',N'VALEO VISION FRANCE SAS'),
(N'Valeo^VALEO VISION SA','Valeo',N'VALEO VISION SA'),
(N'Valeo^VALEO VISION SAS','Valeo',N'VALEO VISION SAS'),
(N'Valeo^VALEO VISION-SIGNALISATION','Valeo',N'VALEO VISION-SIGNALISATION'),
(N'Valeo^Videoton Autoelektronika Kft','Valeo',N'Videoton Autoelektronika Kft'),
(N'Valeo^WUHU VALEO AUTOMOTIVE LIGHTING SYSTEMS','Valeo',N'WUHU VALEO AUTOMOTIVE LIGHTING SYSTEMS'),
(N'VARROC^enmech Hungary bt.','VARROC',N'enmech Hungary bt.'),
(N'VARROC^enmech Hungary Gyarto es Kereskedel','VARROC',N'enmech Hungary Gyarto es Kereskedel'),
(N'VARROC^Flextronics Manufacturing Europe BV','VARROC',N'Flextronics Manufacturing Europe BV'),
(N'VARROC^Laster Tech Co., Ltd.','VARROC',N'Laster Tech Co., Ltd.'),
(N'VARROC^MOLEX LLC','VARROC',N'MOLEX LLC'),
(N'VARROC^Shanghai Shunyilai Goods &','VARROC',N'Shanghai Shunyilai Goods &'),
(N'VARROC^TRIOM SPA','VARROC',N'TRIOM SPA'),
(N'VARROC^VARROC ENGINEERING PVT. LTD.','VARROC',N'VARROC ENGINEERING PVT. LTD.'),
(N'VARROC^VARROC LIGHTING SYSTEMS (I) PVT LTD','VARROC',N'VARROC LIGHTING SYSTEMS (I) PVT LTD'),
(N'VARROC^Varroc Lighting Systems s.r.o.','VARROC',N'Varroc Lighting Systems s.r.o.'),
(N'VARROC^Varroc Lighting Sytems Inc','VARROC',N'Varroc Lighting Sytems Inc'),
(N'VARROC^Visteon Corporation','VARROC',N'Visteon Corporation'),
(N'VARROC^ZOLLNER ELECTRONIC KFT.','VARROC',N'ZOLLNER ELECTRONIC KFT.'),
(N'VARROC^Zollner Electronics Costa Rica Ltd','VARROC',N'Zollner Electronics Costa Rica Ltd'),
(N'XINGYU^Changzhou Xingyu Light Co., LTD','XINGYU',N'Changzhou Xingyu Light Co., LTD'),
(N'XINGYU^Jiangsu Fuxin Trade Co.Ltd.','XINGYU',N'Jiangsu Fuxin Trade Co.Ltd.'),
(N'ZIZALA^AB Mikroelektronik GmbH','ZIZALA',N'AB Mikroelektronik GmbH'),
(N'ZIZALA^BECOM Electronics GmbH','ZIZALA',N'BECOM Electronics GmbH'),
(N'ZIZALA^Jinxiang lighting (dalian) Co.,Ltd.','ZIZALA',N'Jinxiang lighting (dalian) Co.,Ltd.'),
(N'ZIZALA^MELECS EWS GmbH','ZIZALA',N'MELECS EWS GmbH'),
(N'ZIZALA^Nanjing Sanming Trade Co., Ltd','ZIZALA',N'Nanjing Sanming Trade Co., Ltd'),
(N'ZIZALA^NEOLITE ZKW LIGHTINGS PVT LTD','ZIZALA',N'NEOLITE ZKW LIGHTINGS PVT LTD'),
(N'ZIZALA^NEOLITE ZKW LIGHTINGS PVT. LTD.','ZIZALA',N'NEOLITE ZKW LIGHTINGS PVT. LTD.'),
(N'ZIZALA^ZKW Lichtsysteme GmbH','ZIZALA',N'ZKW Lichtsysteme GmbH'),
(N'ZIZALA^ZKW Slovakia s.r.o.','ZIZALA',N'ZKW Slovakia s.r.o.');

/*
OTMM Mapper
*/
INSERT INTO LUMILEDS_MIGRATION_PAL_OTMM_MAPPING values
('Asset_Countries','LUM.FIELD.COUNTRIES'),
('Asset_Brand','LUM.FIELD.BRAND'),
('Asset_Subject_Keywords','LUM.FIELD.KEYWORDS'),
('Asset_Languages','LANGUAGES'),
('MasterFileName','LUM.FIELD.MASTER_FILE_NAME'),
('Asset_Media_Title','LUM.FIELD.MEDIA_TITLE'),
('Asset_Description','ARTESIA.FIELD.ASSET DESCRIPTION'),
('Asset_Rights_Copyright_Date_Start','COPYRIGHT_START_DATE'),
('Asset_Rights_Copyright_Date_End','COPYRIGHT_END_DATE'),
('Asset_Rights_Copyright_Geolocation','COPYRIGHT_GEO_LOCATION'),
('Asset_Rights_Copyright_Date_Applicable','LUM.FIELD.RIGHT_VISUAL'),
('Asset_Music_Rights_Applicable','LUM.FIELD.MUSIC_RIGHT_APPLICABLE'),
('Asset_Rights_Copyright_Channel','LUM.FIELD.RIGHT_TOUCHPOINTS'),
('Asset_Automotive_Region','REGIONS'),
('Asset_Date_Activation','ACTIVATION_DATE'),
('Asset_Date_Deactivation','DEACTIVATION_DATE'),
('Asset_Creator_Owner_Email','LUM.FIELD.LEGACY_OWNER_EMAIL'),
('Asset_DM_Asset_Owner','LUM.FIELD.CONTENT_EDITOR');


INSERT INTO LUMILEDS_MIGRATION_PAL_ASSET_TYPE_MAPPING values
('/Assets/PhilipsAssetType/ATL/Print/Brochure','Catalog'),
('/Assets/PhilipsAssetType/ATL/Print/Catalogue','Catalog'),
('/Assets/PhilipsAssetType/Audio and Video/Video/Inspirational','Lifestyle Video'),
('/Assets/PhilipsAssetType/Audio and Video/Video/Installation','Tutorial Video'),
('/Assets/PhilipsAssetType/Audio and Video/Video/Tutorial','Tutorial Video'),
('/Assets/PhilipsAssetType/BTL/POS/On Product Materials','POS'),
('/Assets/PhilipsAssetType/Case Study/Case Study Online','Press Release/Whitepaper/Ministorie'),
('/Assets/PhilipsAssetType/Case Study/Images','Product in Use'),
('/Assets/PhilipsAssetType/Case Study/Images/Key Visual','Lifestyle Picture'),
('/Assets/PhilipsAssetType/Corporate/Icon-Graphic','Icon'),
('/Assets/PhilipsAssetType/Corporate/Logo','Logo'),
('/Assets/PhilipsAssetType/Feature/Image','Glossary Feature'),
('/Assets/PhilipsAssetType/PR','Press Release/Whitepaper/Ministorie'),
('/Assets/PhilipsAssetType/Philips Product Library/Emotional Benefit Photo','Lifestyle Picture'),
('/Assets/PhilipsAssetType/Philips Product Library/Feature image','Lifestyle Picture'),
('/Assets/PhilipsAssetType/Philips Product Library/Feature movie','Product Feature Video'),
('/Assets/PhilipsAssetType/Philips Product Library/Feature video','Product Feature Video'),
('/Assets/PhilipsAssetType/Philips Product Library/Main in use photo','Product in Use'),
('/Assets/PhilipsAssetType/Philips Product Library/Packaging photograph','Packaging Picture'),
('/Assets/PhilipsAssetType/Philips Product Library/Product 3D','Product Picture'),
('/Assets/PhilipsAssetType/Philips Product Library/Product In Use Photo','Product in Use'),
('/Assets/PhilipsAssetType/Philips Product Library/Product Video','Product Feature Video'),
('/Assets/PhilipsAssetType/Philips Product Library/System Logo','Icon'),
('/Assets/PhilipsAssetType/Product/Packaging/Packaging Design','Packaging Picture'),
('/Assets/PhilipsAssetType/Product','Product Picture'),
('/Assets/PhilipsAssetType/Product/Image','Product Picture'),
('/Assets/PhilipsAssetType/Product/Packaging','Packaging Picture'),
('/Assets/PhilipsAssetType/Product/Product images','Product Picture'),
('/Assets/PhilipsAssetType/Product/Product images/3D','Product Picture'),
('/Assets/PhilipsAssetType/Product/Product images/Additional Product Picture','Product Picture'),
('/Assets/PhilipsAssetType/Product/Product images/Detail Photo','Product Picture'),
('/Assets/PhilipsAssetType/Product/Product images/Lifestyle Image','Lifestyle Picture'),
('/Assets/PhilipsAssetType/Product/Product images/Packaging Image','Packaging Picture'),
('/Assets/PhilipsAssetType/Product/Product images/Planogram Image','POS'),
('/Assets/PhilipsAssetType/Product/Product images/Product Stand Alone Photo','Product Picture'),
('/Assets/PhilipsAssetType/Product/Product videos/Product movie','Product Feature Video'),
('/Assets/PhilipsAssetType/Document','Web Banner'),
('/Assets/PhilipsAssetType/Online/Website','Web Banner'),
('/Assets/PhilipsAssetType/PR/Advertorial','Web Banner'),
('/Assets/PhilipsAssetType/Philips Product Library/Product with stand photo','Web Banner'),
('/Assets/PhilipsAssetType/Audio and Video','Lifestyle Video'),
('/Assets/PhilipsAssetType/Audio and Video/Video','Lifestyle Video'),
('/Assets/PhilipsAssetType/DataMigrationUnknown','Display'),
('/Assets/PhilipsAssetType/Online','Display'),
('/Assets/PhilipsAssetType/Product/Product videos','Product Feature Video'),
('/Assets/PhilipsAssetType/Product/Video','Product Feature Video'),
('/Assets/PhilipsAssetType/Audio and Video/Video/Explanation','Tutorial Video'),
('/Assets/PhilipsAssetType/Briefs and Guidelines/Briefs','Product Picture'),
('/Assets/PhilipsAssetType/Product/Award','Icon'),
('/Assets/PhilipsAssetType/Online/Applications','Icon'),
('/Assets/PhilipsAssetType/Online/Banners','Web Banner'),
('/Assets/PhilipsAssetType/Online/E-mail','Advertising'),
('/Assets/PhilipsAssetType/Online/Social Media','Web Banner'),
('/Assets/PhilipsAssetType/Customer portal/Tutorial','Tutorial Video'),
('/Assets/PhilipsAssetType/Customer portal/Brochure','Catalog');


update metadata_fields set SEARCHABLE_SCOPE_ID=1 where field_id='ARTESIA.FIELD.ASSET ID';
update OTMM_SYS_CONFIG_SETTINGS set 
CONFIG_VALUE='-intent relative -flatten -sample 500x375> -quality 95 -colorspace sRGB -strip -auto-orient'
 WHERE NAME='IMAGEMAGICK_THUMBNAIL_SETTINGS';

update OTMM_SYS_CONFIG_SETTINGS set 
CONFIG_VALUE='-intent relative -flatten -sample 1024x768> -quality 95 -colorspace sRGB -strip -auto-orient'
 WHERE NAME='IMAGEMAGICK_PREVIEW_SETTINGS';

update OTMM_SYS_CONFIG_SETTINGS set 
CONFIG_VALUE='-intent relative -flatten -sample 500x375> -quality 95 -colorspace sRGB -strip -auto-orient -density 72'
 WHERE NAME='DNG_IMAGEMAGICK_THUMBNAIL_SETTINGS';

update OTMM_SYS_CONFIG_SETTINGS set 
CONFIG_VALUE='-intent relative -flatten -sample 1024x768> -quality 95 -colorspace sRGB -strip -auto-orient -density 72'
 WHERE NAME='DNG_IMAGEMAGICK_PREVIEW_SETTINGS';
 
update UOI_CONTENT_STATES set name='Partially Deleted' where name='sel_del'; 